E_dt005,E_dt010
6.54279310380501,5.393865959213034
6.555748240252639,6.268962870034885
5.858129673522607,5.26043446209718
5.656008832902691,5.132118712059256
5.677004539087605,6.3506518027475645
6.02257466798011,6.275559556235038
6.539323638208419,6.264917622388368
6.524595494548656,5.362661241777277
5.660108113579233,6.2352356034347745
5.755313592440221,6.245228341780737
6.543152549594362,5.34821284904088
6.557663369799506,5.215122508657174
6.552132701840025,5.1220834130521995
6.5584076106992715,6.250683052002481
6.5326755149234454,6.356796412367316
6.522926450858369,5.1434938184356795
6.517289131188978,5.0014974471868765
5.639616149349999,6.368445090299387
5.722763411713915,6.283240518530562
6.5475312961152845,6.255543466251638
5.980121882298193,5.185723090293056
6.522312725810379,6.258199714005731
5.779106294468578,5.537124364838428
6.544736901129839,6.291419434091152
6.557089048454374,5.070794123175277
5.677145503392092,4.999622836227039
6.542930259375607,5.550749944741449
6.559297708064374,6.368082123304676
6.546444517942424,5.01329133598008
6.536209935477561,4.997185145899959
6.55682597044417,5.653147285153622
5.783627020652226,6.367096262285674
6.536661985199628,5.255434426114837
6.520441991997762,6.255634888301191
5.854180112961907,6.258311125310881
5.895261348945949,6.29347684598368
6.526090025651877,6.367517010687159
6.546220636927078,6.370708969956416
6.538891264265157,6.27820679268823
6.559552469209513,5.383909721597137
6.531065216746741,6.279378353762924
6.524827326703885,6.25870537457187
6.547636662186675,6.245995678357069
5.9394297654771275,6.299129634635238
5.702661761791407,6.271081068412874
6.553457819762131,6.236684480610794
6.5424948163259575,6.368314314494183
6.557738763062847,5.2879057449988265
6.564932137661493,5.190533811138309
6.567068965084603,5.269619694109434
5.674613363715415,5.409128320585847
6.528641232906347,6.259348886922902
6.523714647469252,6.263896875436354
6.560503429686009,6.2649701204007116
5.778333382312734,6.278533099729248
6.5245499793146156,5.239195293133644
6.5278976002780436,6.229447857526347
6.5361535808604785,6.256305132544322
5.577547119550596,5.3330946974027285
6.540255373567361,6.269532239981684
6.559495336615679,6.360614635053061
5.772985125794561,5.403932546718886
6.554249132403535,5.322425767841424
5.729786497755173,6.257685726122358
6.563071646155069,5.1693384367233435
6.560945619589462,5.1658927799151115
6.536203467140069,6.256308847960938
5.726416182853043,6.277161145426087
6.5238384833872,6.234589065335675
5.944201760730295,6.293790681067474
6.541295840303864,6.27642715120378
6.535389061257752,6.251201875852797
6.552050513415567,5.420926767161745
6.539265400215623,6.251478651059617
5.900692501985231,6.2321502934642865
5.804549306322624,6.260100409297512
6.543312414346376,5.084280016790093
5.812904509488838,6.369956205411234
6.55912275385446,5.062077517026244
6.544971399703794,6.3629417009588165
5.659530992144088,5.174873070156602
5.785126984262863,6.357168510407945
6.551307430852013,6.2401627464480445
6.549273943854841,6.36830214666725
5.808622949205498,6.272296324763952
6.5584587978720155,6.2575085785403575
6.551088916513473,6.294116280724747
6.517241678917345,6.262879912527833
6.5182312741494375,6.271602626101336
6.533628291433221,5.336270615570752
6.554063062370094,6.234133121215071
5.602771329481924,5.220083664547657
6.549088705974833,6.267817492271166
5.833381561929327,6.319222150551006
6.5307702230126665,5.002399252833631
5.5742538211036,6.364764088810487
6.545500051974763,6.237452912958995
6.544654748592807,6.27602595182573
6.54859237983666,6.313612989183943
5.764434952136478,5.2091036877322345
5.715386289545162,5.284595359819279
6.530416322566401,6.255158881492318
6.525911772309242,5.047883721596971
6.550029262947799,6.268704568421279
6.551587406177102,6.286714009781399
5.9218844808860185,5.082216177140584
5.592133471407744,6.289234924895686
6.524191564432016,6.361771318837846
6.5488887331415455,6.360695955878125
6.53992653654685,6.25318401838102
6.534299005895987,6.272074626179661
6.516648967163942,6.365655494378622
5.673938482574297,6.2429879623673035
5.636332923540138,6.240366036692455
6.548224911093863,6.240779907487261
5.6459044711744255,5.101124653613832
5.863013155605311,5.463890362366502
6.52230853977779,6.239916806503822
5.928659877803858,5.183035113738969
5.726354270213677,6.265427163570718
6.5346050421862305,5.192839271362941
6.55990975126385,6.231607429367845
6.038750264432354,6.270440768115902
6.510748815423847,5.172191632598311
5.62817946320822,5.139063290621758
6.536165591325675,6.236234856255889
5.799458574872817,5.153759074442814
6.526706667111492,6.273546707443324
6.529059580582681,6.370022915788633
6.5298028487211095,5.2450178063457
6.5438580104864075,5.108705140998284
6.527021927387446,6.369313246064884
6.557685047445077,6.349198321787201
6.523886665385409,5.2919289937461675
5.7460099086662115,5.605535593430028
6.516543059405501,5.1054095205375525
6.52256716751942,5.15903010035861
6.515269750558978,6.263147746990208
6.543671454581574,6.27039048961397
5.7712865309364485,6.272876040438276
6.550620528701254,6.285035945280361
5.802532843668106,5.049987101391244
5.803772328522541,5.2912783975774955
6.554247622529735,5.08083716779555
6.52350890969897,5.266824821563681
6.09296253780864,6.256828102356687
5.735159277924937,5.13023887648851
6.56120954765305,6.229570811849078
6.545057179951845,6.280986163880372
6.547151422068375,6.294182928089931
6.5712187621653815,6.290298981818817
6.544375921601906,6.282271478110767
6.528949127685795,6.2679310610168555
6.527889400303128,6.274440825218723
6.546126959468167,5.134571367133914
6.552743277715183,5.2451660139772125
6.511562206139093,5.208435431704885
5.6286326739580534,5.08276954540937
5.683287339038216,5.294229152598763
5.65622146048148,5.0092024012515175
6.557948201822352,6.369180709597307
6.554909265957367,5.320857931996445
5.8289846496358475,6.261174515137679
6.520571892095079,5.066456556803103
6.557117573222312,5.244604200349881
6.531061664753713,6.278951546849103
6.5253451271878165,6.285241527819694
6.55686946336282,6.251058869455383
6.112014778911267,6.284513965311344
5.7384306881155736,5.079638142369605
5.656024013608142,6.270194620019853
6.557906153220768,6.256665933699367
6.552471825919698,6.2728507299589715
5.657051393772887,6.274000833386681
6.535641276474597,6.274214518593543
6.553227927634754,6.295521316522069
6.546050736516205,6.241849194110076
6.534117347272219,6.264080770268895
5.796463340819141,5.123442859037102
6.551518322662,6.2620454475665905
6.514407331259342,6.2868041513891955
5.753745123650984,5.137937640315041
5.685485311511591,6.265786410972236
6.538390575824312,5.023420281175473
6.5439600617059295,6.26450633738671
5.8868351741497555,6.367810712104834
6.5320982099469695,5.123670663408907
5.808830837143271,5.649254380022183
6.547974647349829,5.413589804416128
6.52504453537806,5.424911850895679
6.523858828460771,6.356433403433737
6.554602391408067,6.365791451560579
6.542778973475773,6.291702182494024
6.541818100469516,5.001912372111114
6.534984859605843,6.252530307994787
6.5548852239503415,6.27523733844346
6.544824229216911,6.358069790584839
5.857030426394232,5.251159634890673
6.549354622479854,6.370871020480184
6.563078323732393,5.33782389281134
6.540641200873505,6.261466717773012
6.545017943088255,6.302869793141358
5.635807455898856,6.31323163049905
5.987849632612468,6.241309656139858
6.531425079619542,6.36810999175398
5.722815348306423,6.278171496322053
6.539750745380492,5.022958064441051
5.697462128958999,5.28842065716767
6.553515068493262,5.210652372725633
6.5496663170258875,6.298208073307703
6.525094273445891,5.282267876994403
5.75252459257953,6.303596693468506
5.681244910312762,6.245247410514976
6.005191244642512,6.364693573975412
6.550699782565166,6.366626826209851
6.549572185510575,5.23339260314674
6.550792966424952,5.135880077023465
6.544816018508348,6.281697178390814
5.90864004808215,6.2392861472291
6.0138604706596945,5.2390153744278365
6.550369105653129,6.35488806540368
6.533828070303416,5.153240386038796
6.551102792972484,6.258480742812425
5.691219929208146,5.228402093977152
6.555868841977283,6.2385933650102166
5.930392516031556,6.358816639597654
6.5124894013022265,6.240329963892167
6.522183070969408,6.2769159105200965
6.530775463999126,5.313071593976115
5.784816807517011,6.243939711366972
6.5448914241283696,6.364545991525934
6.535868511123743,6.365060787701784
6.537951293802516,5.142081940935987
6.558144570579797,5.374224853949263
5.733573688639734,6.327548709019068
6.5358175173134665,6.3681384916786925
5.815543294080712,6.306543964764427
5.734349749454364,5.198753054757745
6.536666808758581,4.905454166743198
5.762688756083946,6.285476589861564
5.745307553286993,6.356895611280004
5.725102622897477,6.24829454890555
6.536661643015022,6.283494504991285
6.526310346851119,6.303738150902431
6.54675781907297,6.268473701252466
5.682339005618897,6.364793087321109
6.534494434548478,5.110958292933738
6.53328264174878,5.068950852238651
6.546562171004875,6.261591614804858
6.523037468372607,5.3212640331947725
6.567539189682526,6.280161602689944
6.559543328666134,6.266799180783815
6.515073163150799,6.254628713586897
6.548353503946726,6.257742153827422
6.5395475250478,6.253325386735413
6.522810231698614,6.270490562741047
6.5411649473022315,6.240252150264733
6.51173844372752,5.169802572930078
6.533224649475583,5.36110401558559
6.542470775621423,4.980909629688789
5.74208990734558,6.367773471097646
5.679941469086078,4.9996161440761
5.841089078413459,6.355488061275073
6.5339455060939144,6.243249362518863
6.553449659691477,6.26910656576591
6.540561583174491,6.268973231911931
5.750668574390998,5.08260303176102
6.511348601498618,6.2880956415337215
5.732707382647744,5.245952006485326
6.549126226281476,5.346705539775788
6.531690326859513,5.400733435257511
6.536940654727006,6.3698112375519145
6.529444523014889,5.043589355908235
5.833834478391078,5.043814542020776
6.029016471825042,5.018378834360032
6.552860639299018,6.351598257313395
6.5503201237865625,5.4239643452885105
6.531702872620876,6.263843230279759
6.5255669939751515,6.296786574130158
6.53268228293872,5.2824442500266455
6.532627925413411,4.988485786254973
6.535159964666732,6.2566362330307275
6.535327043588726,6.290914334925125
6.52888455790108,6.266999673351078
6.531526033214844,5.209859159614126
6.5207608928556215,6.305479302318984
6.516988848663994,6.288988588604999
6.536056894543482,6.367713136923189
5.829284580922689,5.096889437469586
6.556804455481236,6.366739306864396
6.5459932359694495,5.385573043906673
6.530828622971789,6.362838934574626
6.55380558696565,6.368802705643588
6.525988622356156,5.192793197312243
6.558028274665798,5.275732066392425
6.539775292429905,5.0110585189161085
5.691830052851913,6.229570292371894
5.777505596482722,6.305349181040202
5.8718994079551665,6.241594466603054
5.861017547551384,5.071162602283973
6.556170280357724,6.2768393085388166
5.888097427197561,5.471530357880126
6.5193171877103016,6.249677572057237
6.5460012148760605,6.266245810104938
6.545801626654397,4.986167598350827
6.558062426125041,6.266414295309115
6.535865836362236,6.272242729009945
6.5275170992534,5.030328461802701
5.8279162495464165,6.288040641880674
5.848442575564047,6.291388449400231
6.546206490942793,6.26179070211023
5.803426137200951,6.285633541831435
5.636589142650468,6.251363613833254
6.543024666063026,4.994002747333753
5.890653875244039,6.279825744518561
6.540252834998078,6.281391487933041
6.524929622721628,6.28124423565947
6.5598680408647825,6.250637109406977
6.518853570549057,6.280886625517278
6.552916220697407,6.260165064984781
6.548122374538013,6.3296071231685875
5.6478415362581895,6.365839895727509
6.5149322621215315,6.281949004201005
5.74769017737073,6.366305170357217
5.645932392336748,6.253166214374657
5.54447052889239,6.249341670851155
6.532473149994765,6.256644215861075
5.683230461637384,6.260661763380359
5.811872102742944,6.315003657504192
6.5470111773387965,6.358170558803961
6.55772948126107,5.122272740111521
6.557148934879425,5.125332852241458
6.527991248015418,6.252744650480647
5.820952394848386,6.247845944979238
6.520442222283456,6.2794943649523365
6.552289944780641,5.069538506262507
5.864127886592776,6.255680887179194
6.5349808235650215,5.435056062144756
6.519202905511277,4.986468794619949
6.5314916773508465,6.263302450829952
6.5603975693102345,5.051350413516053
6.529484067265372,4.974887499070041
6.538153935006316,5.292595768792275
6.5416140570600305,6.2694045696404945
6.539570891124982,6.349546551619456
6.558085987812127,6.258119898437851
6.533295659354119,6.262894388704496
6.529239126707908,5.420997260043475
5.71045784818657,5.2483377425191335
6.5484229190391225,6.288128639058923
6.540996135288738,4.9803523330186
6.543218031489651,6.3655851549392075
6.001389862981322,6.272246740200767
6.552086217780858,6.241476565806337
6.537808713192716,5.173075450222484
6.528003985315569,5.0100655178751285
5.6447524908097595,5.066653915117132
5.850089213907477,6.28506879155209
5.8881578756881225,6.361681189919286
5.874720363325388,6.264840585494416
6.523931347176013,5.246969526347858
6.524496856584784,5.09351108697561
5.653786241388174,6.25666777647489
5.720527021934414,5.387971932804529
5.722221179674534,4.95469991636688
5.908559617865265,5.216922870123141
6.533338629326655,5.096710009412109
6.554104327946339,6.3586537912041585
5.877216744900148,5.07003010373324
6.556716297539761,6.354199102652091
6.518503077485366,6.363933950922627
6.544856437034719,4.965595031826425
6.524992558638852,5.181014605836954
6.552253624848739,5.415637208319868
6.530591678335673,6.258292620239967
5.974076375738061,5.266059007094764
5.882598075561169,6.367650396919991
5.58828638894674,5.557364210066501
6.551608277797305,5.344554315739753
5.587535962246019,6.359871402949416
6.51691649288119,6.272907807452524
5.6115828314591685,6.273703926668347
6.543182797756373,6.360961339011619
6.531264816911548,5.2252616050561045
6.55652040835851,5.449359148991475
6.519835673454741,6.369270083819188
6.541842450808229,6.260575085221394
6.548727746683212,5.1075976084439745
5.780853709075272,6.264199713296434
6.565959030448715,5.346633965850291
5.743122063807412,5.423905484992573
6.527576932257597,6.226319615486678
5.863746126197343,6.259061081505264
6.5181831399783094,6.269371043823304
6.516150853430957,6.361276482045221
6.558339073339505,6.235922013321574
5.5752471727249615,6.295105533278935
5.613439512991906,6.258997194112997
5.744348973734778,5.249380409162759
6.52750619997567,5.233930006105493
6.536330657088806,6.28945984553821
6.510871878480501,6.246451214456541
6.53433297795381,5.106730514059922
5.599551158158686,6.240467238054101
6.535844122815659,6.291891589590079
6.530475943547183,5.512338497228013
6.563455328789356,6.291960250181628
5.62861414798877,6.247139783213713
6.538943015066641,6.230956865642256
5.686115378966586,5.1156288364058735
5.746801653199738,6.262556111765019
5.840644151383124,6.367123345202978
5.873017383188413,4.967115390227659
5.7204941984747215,5.305904235935552
6.546443201335681,5.12335660331885
5.6591868697090355,5.392116059502355
5.7019929360042365,4.899326906900594
5.638346756351959,6.2721323794334385
6.527068273277817,6.308794763511695
6.543955789753072,6.282925478100697
6.532724423014614,5.3469495693115086
5.752649027970468,5.058354357269401
5.656758635515375,6.2904994765276445
6.541869170128789,6.303916875315631
5.835347401494377,6.362925832545583
6.556430287047553,5.167052750560433
5.782099239433493,5.010728527238375
6.5476493630621935,6.3690616350833285
6.555181493256814,6.268146418129028
6.553511482526396,5.000565155723906
5.711112513360133,6.280929629539887
6.5091935777036785,6.296459630099987
5.918346164579625,5.357325071949857
5.758698757579118,5.132795274976492
5.794777003232186,5.034515114893031
5.7010903903606245,6.300600888186304
6.531684275002123,5.411432198859739
5.642106210041861,6.243039344785276
6.539710834538785,5.264729195568258
5.675675040265234,6.261315473789242
5.76806893311697,6.257725290739142
6.534775377661013,6.25250612916297
5.820798238906431,5.343939325793002
6.543198446228967,6.362407165691201
6.521083245657839,6.278741743481727
6.518170469769218,6.262342217087191
6.537165259280297,6.2501780446262725
6.540164503453118,5.245468479569352
5.6744140666368,6.289433890214188
5.9229633528886705,6.283521697698826
6.53490360027404,6.283629887187457
6.512894416067248,6.359271973576793
5.649984757742555,6.3707879740221856
6.513365426624164,5.4873258578876865
6.53448339676004,4.988255431081106
6.545059641272895,6.263439160690448
6.554955857406415,6.3628543551726375
6.528548727290189,6.248450039364972
5.61924486726398,6.270296105018587
6.534999294928614,6.283504630403819
5.715955263942333,5.099293384335364
5.734760898664339,5.103577383147153
5.7297719937024025,6.363018135508522
5.6591853289887055,5.014485122257884
5.612148588730781,6.232164439833815
6.523199702384488,6.270840165007661
5.677523143203381,6.363523637073625
6.553756938627595,6.274242026716421
6.511863346591252,6.267547888946876
5.931095332355193,6.302537180364068
6.526874779019574,6.276579899720706
5.8250159911007895,6.287938137923434
5.82429233858246,6.244149422692337
6.543059837032429,5.46930907449372
6.534131310118852,6.364673911433419
6.520027182063775,6.366630810660716
5.596560269611766,5.222637388572679
6.532955794621291,6.264380872848473
6.554535402420284,5.140891177314968
6.541774899366824,6.2325558717182945
6.529241744919676,5.161889102199364
6.544218507752326,6.362948351467656
6.535328598969076,5.090556432844813
5.774137942223184,6.271443640850115
6.020792011910929,6.27992707251419
5.782473494985455,6.292290865446206
6.5307905469964425,6.247048744587241
5.8304188110079895,6.28214081219728
6.558493569305956,6.270360341459243
5.925974820681008,6.238330544626272
6.5317522489190445,5.253437515606671
5.961206551859881,5.22100011355988
5.839004050213573,6.276533431328772
6.543276350661573,6.26177858184565
6.517640225519744,6.366403870302279
6.541956952868929,5.221681179558373
5.8146493594157835,6.262007250165345
6.5523378054812245,5.12574003812575
6.550810857793385,5.140910587416419
6.54340845181239,6.302257228164974
6.5383978170382,4.985263831536807
5.798939282686558,6.238116848852563
6.5119380848909705,6.280685738055441
6.5149441738042855,6.36532803162727
6.553381891512231,6.368229368185786
5.613112925790075,6.234513367810921
6.544135161140568,5.375364835094032
5.768152134181909,6.26660693920246
6.535089903142968,5.46695748572753
5.745342642142296,4.9928255530047485
6.552803341140068,6.3665720897408615
6.550129971121937,5.1082696900098785
6.532368129618569,6.296967730294342
6.524330734490963,6.25667767427203
6.5437128095968795,5.192233513119402
6.5553871860427435,6.272596210353592
5.61732388157625,6.255143431293288
5.677335189050137,4.970703822199693
5.766192475865007,5.041763078563074
6.528259425594989,5.31766444267201
5.85005197738652,6.362733774090881
6.535930372785861,5.528859969086631
5.821590657877178,6.362904825568544
6.547170189260546,6.367699416260347
6.553160151325493,6.275053378170254
5.804129717118042,6.289260821098633
6.526774913538956,5.1368880733599145
5.590532097328911,6.370045240522084
6.549434993297024,6.257337939786207
6.55645216284706,5.291170360831307
5.924791606487742,6.256856137551006
6.552527453104434,6.287354520577432
5.733458519987098,5.0760498077085705
6.546916421053279,6.288547093700823
6.529803725124206,5.47566672481654
6.550059421160864,5.444472872592909
5.770279384624813,6.2620605039094155
6.555185914246161,6.369455780155248
5.784430607180989,5.2193266732308565
6.565965712544978,6.360224560261743
6.5554814171404985,5.418238461218365
5.883966752460254,6.250373355078088
6.552970048165569,5.351316225312999
5.798658090162297,6.3684172862569
5.876028207535797,5.0900155635770385
5.596299362886311,5.3580472052476775
6.552850145416258,6.253102582314936
6.522842916629282,6.360647726057234
5.7503184130539235,5.080032097906054
6.526119697818145,6.3610446371326645
5.970703501444186,5.369289417736406
6.514736630629437,6.263317280214154
6.5591887420756105,6.3646392117107435
6.5326975481233855,5.578946997175963
6.547960847132865,6.2575368545836945
5.626577529629094,5.027281862567466
6.544224273682278,5.174427193538202
6.533423285649395,5.074182103262254
6.545269721914059,6.259553431334745
6.522380031044808,5.226317309525495
6.546112571445831,6.275697340396361
6.558117889691305,6.293335831878476
5.735278101964064,6.249158708750888
6.540197035990738,6.274437353799133
5.78625952521633,4.976603212691121
6.533672556235713,6.2651334649265085
6.539124996369317,6.234916964574534
5.681233835924042,6.348405209226844
6.51587295531068,6.340722517251283
5.802640575057337,6.360473522756703
5.966836188365107,6.275385952815751
6.546171570447885,6.287272639349576
5.745098187882071,4.998621984932815
5.940429242982025,5.018638646755149
5.721400881057587,6.264447353918701
6.528439389607629,5.257475884371958
5.9028971168378614,5.321545507131848
6.530858019764993,6.3638450813150325
5.779875086891201,6.357382666883305
5.775921561267819,6.235362575401127
5.675094762827523,5.042960222225497
5.707569352421416,6.254949373390318
6.54609994600594,6.257462965909433
6.529025317675378,6.260490654007031
5.806521411100919,5.4430062037894835
6.5448846409522154,4.9989932005620625
6.521360294419466,6.238519067070272
6.5509618576968025,6.359549918302982
6.555371025899364,6.2516450504867915
6.550289974838619,5.175545432050323
6.5459935863134335,6.257000908893367
5.804276076889558,4.920421110076469
6.537805708838937,6.357409370616404
6.556015228531177,5.350125532099853
6.554864409019012,6.291970428892157
6.518980219964167,6.240682530795462
6.536566258753887,5.426686866061605
6.5402277995699505,5.45169812430895
6.524121249361631,5.3314356272015395
5.814593672889184,5.04578184078062
5.6484850807660365,6.359639559299749
6.555073660036145,5.107182072807943
6.5485089536435925,5.161661088167365
6.539723848665726,6.282905544143439
6.539964580374033,6.2550283985578385
6.5452366867961675,6.362906351118078
5.725669485696722,6.2895709795513
5.608806471438863,5.272160352902858
6.533364766594518,6.2847401034507016
6.522432406593339,4.975361510899781
6.532742847619985,6.295932492865882
6.544035829901474,5.007524266494583
5.880937026429157,6.365469321416484
6.512655386575554,6.2411036052498305
6.527834670471893,6.249892506584247
6.54928378689727,6.2775379756631695
6.537256093135783,6.3495754520169845
6.028425718355311,5.265167762454678
6.514523501215455,5.096956424128077
5.655845515832523,5.220922947186413
6.548595569108304,6.276510301123171
6.5505235541986355,6.270816364297458
6.528876456128771,5.00957030291802
5.721296037346741,6.249541887021925
6.527681992315552,6.288396633146865
6.529271615708777,6.360169988619823
6.560927204273007,5.507873318195404
6.524888557317462,6.247650903629762
6.534373366266179,5.150667827271924
5.798805534061434,6.284842949731692
5.609300716339215,5.418083346271883
6.526005699649021,6.262055242135502
5.824725793001793,6.274012387354365
5.635254955291845,6.355041388180157
6.528472043183381,5.149658868551313
5.62583660801166,6.257143948238102
6.510975765322565,6.269611859081529
6.555485483856027,6.289265286367386
5.818519578599117,5.065367111901766
5.702177592683147,6.361678224518133
5.671886505832033,6.252629329890421
6.546420924533675,6.287762561473492
6.530717234221864,6.262297133701553
6.538184737687609,5.016859452981891
6.5293471195769985,6.260690222851936
6.545033131491277,5.010008174212128
6.5208327831036605,6.292501277789027
6.559645604352321,5.3867262770099895
6.53270798411024,6.361155879713046
5.907207299809899,5.339636582598311
6.547662839784527,4.974053923316321
6.549583372412355,6.280026723898098
6.532201551448713,5.272504425243973
6.554040192894332,6.246516605224821
6.019521694175731,5.067304770831921
5.635622721663507,6.369393373746034
6.531910724222743,6.28305390572501
6.560132573656036,5.399209262340716
5.808991920222506,5.427659994608797
6.537975125000916,6.277103487170627
5.751473662697917,5.172203893227405
6.550119986869302,6.237525923669957
6.536724111981768,6.268049195814081
6.540075509116852,6.25822075550344
5.79267652703134,5.348886951487684
6.556650730748705,6.358525567571113
6.540729648459113,6.240207496690656
5.610041976732765,6.242504094472632
6.552181993591205,6.24366139349776
6.55614637053994,6.292767810003656
6.531191321508523,5.128008654021824
6.529427993495377,5.215555968537451
5.797804990834154,6.228699420448217
6.555152258192102,5.472895159824149
6.526364896214648,5.0930962651233
6.525134689220851,6.251893228919035
6.53727274074773,5.009724188455434
6.555510329639377,5.238642531175611
5.8490567992429465,4.932105881803011
6.515731143562917,5.470796375622516
5.837140565631867,6.294090757239898
6.060099390278966,5.242191375330165
6.560040708267756,5.214630438007955
5.560074752649671,5.094186109383868
5.726265561911265,5.161917590980924
6.526337263614603,5.103514513064306
6.52243865304601,5.419751078651228
6.536319796472943,6.291707453943312
5.912958943461538,6.255892264204402
6.5569454505867935,6.286072748044006
5.731533289266988,5.175553461557356
5.932468470423529,5.346738625881015
6.544533168446341,6.250910733048109
6.554552994553717,6.367440881493637
6.538124254659698,6.267075522691572
6.541843119763829,6.280576393026753
6.542012340839774,6.364623131837682
6.531418849512666,6.290810820017851
6.52548310092568,6.365301541132385
6.555479620397737,6.292168365588917
5.898846925098504,6.232824418806306
5.627606097907263,5.024052252866488
6.527954396668004,6.3459556141222055
6.54632871454739,6.282879218821109
6.529502226193908,6.251321308061295
6.55020643797798,6.26428223839936
5.7603173078366865,6.280212207599718
5.918740280593841,6.233701856015211
6.55493438554631,6.267576506697387
5.62841043311779,6.278914799209036
5.9165073947540705,6.285216366421642
6.539393630251716,5.324471367879799
5.697134923985537,6.2545549007897145
5.885556503440574,6.23779870869523
5.847063432755207,6.309441411996637
5.60765956200539,6.368552165179624
6.537018378201651,6.247208682266901
5.691520127191545,6.288958821579751
6.533150164477213,6.243388567291051
6.521670045623383,6.247181679565726
5.872681122095862,6.355572353193696
5.82913590457111,5.012220809155121
6.52186820205733,5.27695371649434
5.773888461229198,5.370720090544355
6.520510965226407,6.257273170782825
6.536130258432247,5.024471298348847
5.753728911906213,5.219457886439628
5.993494658499579,6.244590333101423
5.643049092590477,6.250877922852887
6.54174176627947,6.310403088896288
6.522681076330647,6.296778372904515
6.532272514751098,6.251347986780724
5.757015297004914,5.43639429644728
6.541479944750524,5.19650328997253
5.759295174267157,6.28339015597543
5.7959027682701825,6.364579293166315
5.8056284858240055,5.062322228026376
6.531966939668454,6.367640102981765
6.538404848262804,5.290401618553637
5.814985380129411,6.368385442642037
6.5506707450973085,6.2486454104310845
6.536638880532482,6.26145475431301
5.603350260792389,6.240795512264117
6.543301924956352,6.266911475338106
6.526393022205125,5.003423268761253
6.554242403206704,6.275722553270947
6.535313430653909,5.596883388787582
6.519631435343231,6.2552522417746665
5.762927229938656,6.260211406785956
5.643467185348392,6.36538450905507
5.712496895755516,6.237421236606603
6.514025931636292,6.258327965496202
6.533557859452048,5.367083716116355
6.51922332353486,6.369789482403908
6.089445117652549,4.96696196468001
6.073985211144663,6.270492435050276
5.719763623095203,6.277968841075828
5.904601741075929,5.17166838990243
6.549923023665052,6.363485606378554
6.532505438543945,6.370275441157938
5.794600605954665,5.397421691013586
5.830204650534776,5.002359551285625
5.757065155016473,5.126759896459143
6.545727795087061,6.256792581054421
6.51229799794756,6.363702262957959
5.83555751697844,6.361665663903734
5.77363997803519,6.240064998929167
5.846273151761345,6.354481172545281
5.651953497315398,6.2608020745751904
5.878454383434546,5.164095803008009
6.525367496775693,6.258827126832985
5.738320142101067,6.294930316046521
5.825434224596622,6.298655198497926
6.5560889338777475,6.25448057629889
5.686276546195952,6.258376422473847
6.542208937659341,5.495589085924765
6.552517337978474,5.247020195232276
6.5302899525785065,5.280511709819485
6.5410518001488,6.2392505177744155
6.5534177822784105,5.393964735118355
6.552204480358362,6.282364230077065
6.532143707937188,5.275195045887893
6.518933661391068,5.1946816062178005
6.5329485294514456,6.253463686954967
6.551188562511081,6.232504841300109
6.556076779483753,6.282274021837583
6.534731401711575,4.987519640753719
6.043270820000318,5.109879715915887
5.844193558078148,6.234012177077403
6.549351993238831,5.4166894539019825
6.5281535082986455,6.24789070567079
6.546751522554824,6.25335062565369
5.905183772621907,6.354456910297623
5.759657838202875,6.247836113218436
6.544570480706405,5.341361633388476
6.008912344263537,5.202741577867011
6.534275160766351,6.358263824688511
6.529257226628521,6.303433006008127
5.975112498226768,5.503450139180178
6.526258538409023,6.365704847838338
6.557019224926582,5.468408188317975
6.5463203164518635,5.329784927326456
5.629817853029694,6.254459590823833
6.560524098447024,6.267148358470912
6.539305851210818,6.278561917396252
6.0583521545667605,6.255392633622973
5.715028389508273,5.081547235572431
5.654728916434769,6.277990546603844
5.745986508270147,6.283328088843962
6.550194826034958,6.267900907047586
6.538937357046345,6.367855249552204
5.5929514248691765,6.2592731623833835
6.5430685144343625,6.290134587259892
5.686756230404093,6.267121825010738
5.841574894325553,5.328246886044745
6.553148128417628,6.367764065186971
6.5286528161000215,6.2802998410657205
6.526454620292882,5.266329175208575
6.55699806252369,6.276310875231876
6.554208922408395,6.276286720264897
5.642418895470443,5.243658461091657
5.723585640338629,6.273423085036441
6.533178561388427,5.162639660996683
6.537026353608352,6.257290532321637
6.534139147682961,6.354120413845732
6.534267505610904,6.261715921065841
6.554292056076688,6.27925552087015
5.866939593724755,6.270605684219386
6.552852419374714,5.12965647329802
6.54463393971837,5.525591993448801
6.539934232566747,5.140978667943303
5.573763907309965,4.92486147519656
6.5562205410768115,5.285856354554932
5.7708405326304,6.266199842054082
5.954863962060045,6.272000659795205
5.861893262047159,6.256686706760636
6.5493460880714665,5.034744092856032
6.513135032985186,6.254822487689023
6.53310059971891,6.35933902591629
5.7208681901564225,6.240766284079651
6.5306482235691945,5.069465263506449
5.685817318183228,5.487052305754281
5.775114131477748,6.266315298739881
6.54099249551024,6.253856993136626
6.5493460822328595,5.096602727980075
6.529294221136349,6.2536405670284765
6.548675530878107,6.28997669174262
5.800113963641058,6.251019475088102
5.61820090420354,6.269212121863367
6.523865821469581,6.367697542933371
6.55250480346864,6.361097755609824
6.5272026571004975,6.2794990184752315
5.594823386080128,6.3613671747533695
5.577394102647151,6.3685991230469705
5.861447636648083,6.315790239872564
6.538007888914761,5.160330628514902
6.5276963288075045,5.436278966811099
5.621003251179976,5.135244855988191
5.7062870607745495,6.277885640748856
6.538136499925181,6.251390226402247
5.83357458022307,6.363944004501837
5.8469887043879325,6.314488463068669
5.552166637710357,6.261251139709561
5.763150416026564,6.269900462800321
6.527874728174684,6.363749468466333
6.551839273960491,5.17671564034306
5.762757656005796,6.367857277563834
6.518772151634973,5.432508785455553
5.637723344424888,5.133558165642878
6.53166326145295,6.2744835570131885
6.539319077760338,6.276332471599279
6.558347867749671,5.189252683884873
6.547261501047852,5.203005737924309
5.67913546824623,5.020892699512002
6.559121358754405,4.959533269167292
6.54527556178091,5.11253617015376
5.636445328059575,6.3036530351911475
6.520770114575491,6.28806630192161
6.552231995677063,5.075358790145512
5.805803966947183,5.3992266968402
6.550680771905844,6.274405485231789
6.005623221103542,5.301759890522749
5.7026226255237695,6.278868449190011
6.543980205607413,6.2416008749697465
6.001789771626784,6.295891482632975
5.79623976107313,6.282142766706322
6.537530910734492,6.279442824427218
6.546689145503813,6.370528713432966
5.763611365513951,5.23716230760199
6.532871016554459,6.29627369058357
6.547425570536825,6.36614918000072
6.524486393035538,6.258827525253631
5.930853868500871,6.366506895525308
6.53036333964408,5.0004683708450495
6.571795874788577,5.038399566632607
6.565456886209124,6.3571664528342735
6.51945456468479,6.3679586419001994
6.5253073496062,5.214395752418487
5.932785223406141,5.2371502557683245
5.748345018554404,5.155143732248764
6.5383464713915895,6.261518635546079
6.519027222820749,6.250237881094641
5.602606063032381,6.22476957281337
5.760128938138452,6.25576657963723
5.618697973801508,6.233257156485429
6.514252991138369,5.140536873812522
6.536916208595794,5.1429203545763515
5.811169040979523,6.242776691462547
5.8823216107886385,4.943335491838514
6.519579473299224,5.092081263333989
5.689016454042603,5.488372132011893
6.5244997793640405,6.286860374879164
6.5632775403985875,5.209601180601656
6.560189216061389,6.365718903628867
6.512922642600914,4.99158432347684
6.534097811711137,5.170029939133805
6.530062259707983,6.262394289431204
6.554876028697843,6.242629581810723
5.789008119639412,5.054118387275993
6.530145703673894,5.320809723778929
5.955743369763429,5.178965473720737
6.55144890013568,5.015333296612672
6.513321983647824,6.364956124451176
6.532567942911237,6.3652927854811985
6.544960780885044,5.020731082176749
5.650762862345158,6.279837014191738
6.518766420226298,6.366216046285459
6.56229024589863,5.550253269989926
6.544117400631677,5.238806278002348
5.834288482463212,6.369202063693396
6.544281282521398,6.253770436912321
6.542130852093042,5.3478913159561845
5.710496898602741,6.270872625970313
6.534908619778873,5.410182856831073
6.529437021546428,6.278138961826912
6.524071607323322,5.032972494624804
5.666082704819143,6.356301824671427
5.636964310604059,4.96666319683969
5.7388757545004765,5.151545267184028
6.553306652216081,6.235581681432307
6.555943903343173,6.269277568290833
5.652783378487217,6.3657832758063275
5.747291797743852,5.015293864862198
6.55834154880897,5.446695056026198
5.675401714976935,5.290263772747885
5.614222481067914,6.2506112352035785
5.822486144537278,6.266917529695986
6.550611435862523,6.291419338904466
6.53787785965981,6.244879237900246
6.53681940221918,5.449068124243496
5.904107286690411,6.241457882354613
6.557324920186572,6.369906425803896
6.5568436310072356,6.2862549358081345
5.888432317219532,6.363849111324934
6.551859710278806,6.359593935119035
6.520644755702053,5.0377614562517135
5.965552151065472,5.4920212341599015
5.994061020865707,5.2558378358451865
5.7761408929510925,4.968541581956369
6.525024704752318,6.352740119683636
6.56012539900428,5.174312660678403
6.531371207331226,6.261907055406629
6.536157846465017,6.363911834030742
5.857648786303062,5.314496240827131
6.560756200424191,5.327644060314273
5.869353424467931,5.06659955733765
6.544146154416092,6.24196688739331
6.543339083059286,4.972096588117954
5.5998151280165125,6.279731911230547
6.538978411737182,6.354216606571834
6.528019423615958,6.276414934554502
6.554047610177642,6.296079569014318
6.540324726326984,6.299336862843843
6.540319298949083,6.238440076805328
6.527718055341453,6.2521402317836845
6.545160910888851,6.369844660904812
5.672649161398613,5.1856776058681415
6.5351182749245265,6.24158879030418
6.522129600084806,6.274979035678575
6.536459364313421,5.389727661267601
6.551219799942064,6.260573795293292
5.823367536762001,5.021126819460228
5.822064781146155,6.2733372521350415
6.546501118299229,6.271519693789521
6.518272680906698,5.173967720767585
6.535602719913058,5.364721628886203
5.615306859143454,6.260564771909614
5.739018658765476,6.307848806130018
5.615034377797757,5.083064171135119
6.538029597183273,6.259854500011331
5.664959691826017,6.247261054722554
6.518454091772865,6.2808138094994765
5.558423833480699,6.292948201133951
5.789262033646464,6.248076692404056
5.757085482198374,5.078233275802754
6.5387725844733176,6.30484954649982
6.545387473691807,5.291245858829436
5.63166485820307,6.285721095871928
5.836385775885761,6.31464143892932
5.871423872935306,6.365933359924328
6.542773402453416,6.237149261657284
6.5385002903570415,6.257357388949737
5.6470707889588745,6.368239120715495
6.523282818338763,5.342822679691919
6.531597709764982,6.255420343650258
5.744183870588019,6.265235829294584
6.53330110121229,5.405991970321965
6.530139333098665,6.281866888987082
6.529491347223882,6.3678841078186785
5.914632631244973,6.2489319416610325
5.7833940019134396,6.2736007702709315
5.655130225101964,6.363576947830582
6.553931998944539,6.25638458053137
5.623367725750224,6.272665140248976
5.755562054398089,6.275191247254066
6.5195153893884505,5.040317407133655
6.532238482485068,6.236103255616433
5.757749462396497,6.241446375387113
6.540598163204886,6.252795740711882
6.535420389297446,6.360446116834364
5.795312410889755,6.2907094823789915
6.552973762533172,6.2960408217862724
6.541440202879684,5.07641735535094
6.531109411868924,5.059478778038519
5.616393725293252,6.240391780908892
6.5264758434042225,6.287754209019214
5.87874616620255,5.183783704298606
6.522046510433359,6.2672980665503495
6.535140263998579,6.285530629477882
5.828115358999435,6.3686857042911935
6.540211569345532,6.2868024457359715
6.554978805174841,6.362958795190723
5.865314672623251,5.124921107039091
5.843790680626511,6.361824554477954
5.873473247094113,6.262850346486772
6.521643759609033,5.221199884690809
6.543290849952793,6.306680054379135
6.527910076567782,6.358644060120039
5.556983912344974,6.265279379270466
6.54911615501659,6.359045643197039
6.543122987199604,6.280552848637264
5.736032603449318,6.233573345349313
6.531723818593707,6.266833029055805
5.86085806136869,6.259401649873418
6.536897297707579,6.246438258969618
6.54579549684386,6.279715366294918
6.515869333702275,6.2692717014876465
6.549104129116469,6.25203917304765
6.557531377500377,6.274998320899117
5.7128805430893985,6.277991183213425
6.527566338872601,6.267725081375345
6.561101505443636,6.246799317375787
5.6068195394682245,6.280995414315919
6.550168335885053,6.366430923632612
6.530705273551407,5.176895774933675
5.913345825683617,6.26823869183412
5.65870764133599,6.368858028011679
5.933060236575531,6.3644515573369755
6.51423686307308,5.244007655051602
6.011024624804308,6.288809640834286
5.977535061540912,6.268472199880891
5.9722833446608625,6.28472802453193
6.535979453674836,6.360570433594603
6.5353935747293335,5.265905244957768
6.552417588327138,5.359251801666444
6.547166882743914,6.262326961562615
5.687470551752071,6.240544137113931
6.547365344932353,6.3411871393631225
6.5425953289751,6.286300095312958
6.525426745037725,6.366390826249914
6.557552325638774,6.258479252091595
6.512427919257014,5.476498724646898
6.5271440548290345,4.9943740055337305
6.556250809948159,6.235615821938763
5.625331230268261,5.22288308542397
6.558331138537491,6.36753297874197
6.548031125337994,5.025297348795382
5.673315603576317,5.167713375317468
6.542390131391306,6.25649060670443
6.552721773238009,6.255055938392221
6.549705316853456,6.2788318652578585
6.530570467713897,5.1492770378874955
6.53144770983128,6.269830109494444
5.883461938222693,6.283766569443935
5.785705100707011,6.305463087765631
6.525043259822667,5.39812651443625
6.5516473588550275,5.022877375583609
5.8196680308376365,6.257968346872972
5.597416745178644,6.242261337522475
6.527979608750564,6.293189974896394
6.540476563996533,6.26465427575371
5.76326484949629,5.173339011265433
5.750881730509591,5.0795347793672185
5.753149915426368,6.242011815062044
6.5359722558384075,5.1185467117672125
5.603222124733528,6.263721843443443
6.518905018690191,6.2506026116363955
5.868632050059464,6.3654410835636295
6.5350427952073655,6.258304486827663
6.528155228887468,6.264037683872864
5.766523910417167,6.281828115141187
5.665428948593302,6.267170287704194
6.522819063267994,5.262913996442882
6.514620319852488,6.242644286318561
5.787599616717971,6.2659188351173185
5.624405015400715,6.270599683114908
5.791927078074085,6.295930565446911
6.536612503282746,5.399244435558494
6.541482882153412,6.36702553638775
5.737952641100279,6.362685285563185
5.888737512431213,5.127868609541201
5.670848090660041,5.113247726247207
6.5190843196400445,6.351634319367561
6.534986526994453,5.490136334844674
6.5280316627270345,5.139308158804598
6.561573356600882,6.268729970927348
5.857740768654,5.246302861929705
6.542065126079577,6.367518772174821
6.541147019993006,6.275107811934404
6.5421235480084885,6.258594377645206
5.732247083840217,6.28123508593782
6.533284919817885,5.28587309487094
5.628145276793147,6.263713621861692
5.6583076971839,6.261788670894777
6.533178931838503,6.307145727858243
6.539842439952627,6.262808085405789
5.88789388250436,4.934814377454506
6.54380155616788,6.3628020372025444
6.552567773729044,6.271398165463669
6.560238433368218,6.359346551657646
6.537816867275595,6.359455773883208
6.535887607920351,6.36556667021993
6.524584013109666,6.277734068391698
6.553954566698753,6.281467349639572
6.532797837568538,5.359889866794504
5.736841762974487,6.287488798136794
5.726793945362617,5.037167347327096
6.542707445294544,6.25242645808848
6.53747240355969,6.2618855031076635
6.5598251810340695,5.019077909526471
5.60557143105272,6.3657203125137105
6.548681621362692,5.11627893065908
6.554561264603323,5.003671238041083
6.548460297396238,5.0924136782219955
6.518334975022919,5.1650112328325175
6.531724099650158,5.350490214693935
6.530429241464512,5.291460850213351
5.832794675507132,6.291592079235633
5.752240647362969,5.0551111735568375
5.541321885587786,6.253078062110534
5.883133816698172,5.212951799925181
6.5597588931328845,6.357773290312824
5.84994274547064,6.3627709539595365
6.511112713678376,6.300457622054125
6.541760627123984,5.00169761853388
5.823487154378052,6.271693649044496
6.52445207778083,6.285604430919221
5.663193518189505,6.267888210468557
6.526890239813211,6.291423305419373
6.533134670921857,6.361139139778057
5.757927153080691,6.247038101365483
5.797563759578405,6.281985472447617
6.557994583030771,5.470867987812972
6.5558753592266505,5.340627125562085
6.544990558197302,6.365386296868992
6.5504442396587494,6.284781133244218
6.529859798164322,6.276758217281726
6.533937989070559,5.0428274005962495
5.902167799814668,6.252583077120151
5.760683670280811,5.260521479584945
5.755095158223694,5.224502234979076
6.520455050642349,6.246077289254055
5.534304432109916,6.250620400402733
6.565429668049088,6.35797256315988
6.551604426145928,6.248680315890839
6.538854612973277,6.25491236059051
6.51385329991513,5.0204213227203915
6.536141010475207,5.024697348942599
6.547638908136049,6.234457697276768
6.545073883553949,6.2401933198964485
6.535851777500557,6.281798304193149
6.554056135880744,5.1680313039525405
5.742443557628847,5.045599285889402
5.844390851582533,6.25507231419059
5.666690868890512,6.2640001651230826
6.532065804597512,6.251738352503638
6.531400814316294,5.31826027338834
6.5241057015742,6.2511333630082655
6.536750486229133,6.267777601143747
6.52250354402627,5.26978460346993
6.51775246684874,6.273887011240115
6.525692373866985,5.476924917906476
6.536352588232388,6.240661185613045
5.768985550236965,6.364513515639437
6.555693641338884,6.255537314851455
5.721527906317697,6.354185134001515
6.554032363362463,6.363293236899618
5.868858413812374,6.361871235248577
6.541907913847561,6.3645017163993485
6.529655692723248,6.36258192827114
5.807134567990366,6.23721413197353
6.517028583023032,4.986393467753421
6.558068881747975,6.361701939727977
6.540958641245586,5.280390303368721
5.652685735214561,6.2597586190630405
5.836419697038295,5.132002721369893
6.552956251240634,5.213140748529657
6.530393809998154,5.128269675864992
6.547930889208737,4.9184148822776725
6.555054676373134,6.356021378913984
6.549595655625652,6.262705097363343
5.741728457697445,6.2658449731093535
6.540210980860014,6.260429893701531
6.541307237745842,6.369163504356743
6.548161365942125,6.261656506429446
5.603625132299388,6.249095943816263
6.546350930654706,5.155596043937864
6.5233651509357475,6.234674404007738
6.559267298048079,6.287002575254805
6.528917137854743,5.264937282454033
6.536892749577673,4.90135631538555
6.542287740320943,4.9772487815856215
6.548649033154325,6.243037763971957
5.8792384046306285,5.327029409715857
6.532406953125792,6.320764374528859
5.672905328890437,6.277641588777249
6.557937926780104,5.529035257997107
5.744544075213897,5.3049509355062625
6.543161269248621,5.03114866452893
6.560077115987849,5.304307049721486
6.50645153232345,6.274713006636396
5.708165844140373,6.367039732529819
6.5258562289580055,6.261373735956851
6.521352729822183,6.247951339349029
6.522566487202054,5.288831221226461
6.521095877465537,6.260475869551175
6.517705110857053,6.367661562653521
6.538801091070612,6.356571525765041
5.912213919266131,6.2781585195456895
5.745547749410608,6.290878563174579
6.544431082225784,4.964126593596085
6.545366513546034,6.24456475665564
6.530611064107383,5.3417557056136165
6.554471161223964,5.379746831297854
6.554621663455733,4.980698633800346
6.541087651585446,5.276803853276151
6.5327627747203145,5.214868958086592
6.5371590515039575,6.244657503653627
5.907805027376726,6.237959980297881
6.526489184806774,6.249051665183524
6.517660368118927,5.549803864147966
5.651882062966535,6.245908288673267
6.530757839661366,6.281283840040229
6.554671740877002,5.203253384398312
5.7198307213022535,6.299339040847668
6.532365073570709,5.428002227923195
6.55748396478781,6.287125670428226
6.552515561662679,6.2642303014733685
6.547605183467489,6.268596287162465
5.908110827491141,6.258760243109823
5.892112403997928,6.258193288683353
6.550192214680935,5.103261270509591
6.522253952205308,6.3680875965503025
5.719736511731069,5.021635373511153
6.517635111450053,6.2652592765182895
6.560812870357406,4.973967916631819
6.5162235425398265,5.3348278763430965
6.524491096465232,6.277384977177042
6.52791709014078,6.249004903748752
6.553246981278479,6.248530036566848
6.546340777195582,6.3054058894113005
6.5457541259916106,6.324483782778985
6.524569948317634,6.243192042026661
5.71521353711209,5.1762706511163925
6.532672986643437,5.302659649510714
6.542827979380069,6.249525331532981
6.560320642692426,6.238164885640712
6.533331461551748,6.2453566706914145
5.8281161986016645,6.2416230688264065
5.861810655224354,6.359575886689484
6.537924013080782,6.357486759044129
6.5434360228418145,5.1059358389420195
5.771202895013655,5.162248193436384
6.536808615744002,6.255414279023571
6.555190278001229,5.071999514392635
5.83285737045998,6.266992898412491
5.796666239447912,6.302266441815423
6.534735520867508,5.1644007663433555
6.543047865476705,5.47810918432017
5.786221980254462,5.177335558088137
6.5208553682588,5.259240722287897
6.5598770061276435,6.261721211014203
6.531154421903492,6.263973864750804
5.639050379508241,6.280469354453518
6.530721932666218,4.980696905819007
6.5584909054694585,6.244522183505813
5.845677082043599,6.2938546060136815
6.532537200338675,6.360056695531556
5.794510364648541,6.29953128618798
5.855452152263131,6.280974417195605
6.545084443559899,6.252440237436707
5.963164470651651,6.256536780172586
5.86768474028254,6.286302175349029
6.531420798228979,6.24517482413639
6.541531493387515,5.024225249971515
6.550280083859562,4.99678080014785
5.779376430924911,6.241177444274526
6.551182158803762,5.211724132149131
5.670586210380037,5.011725821890607
6.541406560129428,5.204629529260526
6.522818659065876,5.022695781367446
6.521412933037391,5.367034432801491
6.517530847605089,6.27692501406116
5.648488479636535,6.280618030143496
5.804436325043451,5.428408156577562
5.7749390423327025,6.365736434052111
6.5546429515172004,6.256890609142836
6.556646764991856,6.257931681146056
5.672323573060175,6.259764148114609
6.538838023225597,6.364321672433203
6.527414106744733,6.364315234722863
6.531258569099267,6.356101648805772
6.546954896132737,6.308012977266809
6.5419408613409615,5.288085940849469
5.545064178344586,6.262829999075596
5.722416990417131,6.367718595416237
6.557379221515083,5.2988453939108595
5.859928465293691,6.258227739996643
6.539108771112854,6.273125269976992
6.529415153335725,6.3062048739156324
6.549095389718916,6.281687701739475
6.550630007093007,5.024754067892575
6.540658285090256,5.3227574681465954
6.545040785862081,6.259617157954102
6.538316517863321,5.166748225992021
6.526185346491179,6.2661504137118955
6.538912433337597,4.965378990826449
6.532327112202996,6.303197822535537
6.558741140598737,6.285878163354296
6.563722907713649,5.132185442638363
6.518757395816724,6.253428953237135
6.019815639015005,6.272144075398055
6.556005907731771,6.258040614940098
6.515106784871195,6.2977541587337456
6.559775211316724,5.102589955414993
6.556793656305109,5.095311172788701
5.765161391015993,6.289416204157911
6.526628671078216,6.369601805018577
5.641266741059287,6.236245471610433
6.524553554301086,5.329010200501131
6.533735818910397,6.292776473801824
6.538868950447192,6.368995818742803
5.700351147250363,6.364363610440442
6.566977382924405,6.279223308045758
6.528291262218429,6.285655880597817
6.571331012425339,6.274572050265669
5.670696163942392,6.2606799767659815
6.52741467008844,6.366755208387578
5.789357457337699,5.120368835663258
6.543224363612183,6.244272054460842
5.802260909306114,5.206774839830828
5.677982823019239,6.367541127401525
6.516704549450291,6.288684709216061
6.553756599785521,6.250617619683711
6.546223499204279,6.283350583860296
5.543504577208041,5.035616097518462
5.771189869143417,6.275156904482131
6.540444454394285,4.986815121129116
6.515953103424428,6.274742601419195
6.5396088971439905,6.255697510287421
6.542318883233311,6.363201633508551
5.787720907682625,6.366213218104217
6.5276887577840705,5.217511830806311
5.864636399524726,5.3899070676345895
5.973134103647768,5.002420631674641
6.560056883326895,6.3058650729337185
5.741537768810936,6.262693219593139
5.88770304061873,5.233474560548749
6.524604116181566,5.031950234728703
6.533021161235922,6.2721289747387985
5.776886029881171,6.23818524786486
5.620710637072492,5.146042289459039
6.527427199221009,6.280340849889047
5.6814403251026455,6.2790665815061635
6.547437356627281,6.367532571160366
6.553628217912502,5.350550132967104
6.542628027997603,6.297204166857939
5.549299858661224,6.3088391988863775
5.762268158025247,5.3978512266532475
6.545650190977797,6.2467878811918505
6.522611708344094,6.248733717953819
6.55674532022609,6.36161138672707
6.554045878013087,5.15291574661747
6.540825149866558,6.292117810820006
6.543519962522867,6.3668106296745695
6.542519168288149,5.325468389740886
5.743657436641518,6.270206086588576
6.55332776339473,5.023970883216621
6.541189090247648,5.188301592380043
5.679475072129671,6.272729549718579
6.521866837299605,6.288399633597195
6.538034630192934,6.3680716880795245
6.524208084687936,6.250878958429138
6.529844264770685,6.290086028143374
6.557354512001082,5.274790295889064
6.544376875399909,6.368944113376561
6.54610598507241,5.056302826787167
6.552925806471009,6.2836595135719815
6.553671393771624,6.252286178669688
5.609722634988177,6.2555261027570115
5.729742348677314,5.40139538830666
5.907067051704759,5.243968929356093
5.712536574297065,5.05500256015943
6.531904475598855,6.325177212152706
6.527897562216326,6.231413789885066
6.555653795584192,6.233137961439206
5.701911407985821,6.366116010573665
6.54732124410295,6.351156236215081
6.551833540970593,6.368451607603282
5.869272954767112,6.370479051942461
5.849668332021788,6.247189729739866
5.708887359188099,5.333892371026704
6.547562508464857,6.250818112748783
5.820079428409596,6.305524587249609
6.5443456364937,5.159961625197658
6.535480786079571,6.2628707291514605
5.712112780661261,6.368121791412532
6.545872637516636,5.284449115177711
6.530200375094422,5.147868250737437
6.548885946229962,5.358882265166752
5.82162098573462,6.246020661344215
5.793267454280121,5.0715575002734905
5.834975353256919,5.082834737196228
5.9923355958014435,6.363458861249577
5.639235270141365,5.001198885977935
6.541606972391784,6.264001354814706
6.533050277481864,5.323727091079432
6.53284777114729,6.232512342675983
6.554113317230247,6.302012630415741
5.954161894451225,6.285566901733084
6.523498362348938,6.25241370452922
5.723705699064397,6.276159260091621
6.524457814273164,5.58003689306152
6.537901965124673,6.362321840541657
5.6400928782788196,6.286967872016597
5.665299258723736,6.257519223079804
6.555517866827561,5.133370532991722
6.531704699988371,6.2913869244946445
6.53484568143838,5.406753346347896
6.5547914997797925,5.030189776640288
6.548154101227096,6.2649134862436116
5.77498666889308,5.050824634078192
6.526042530154093,5.342596407007127
6.549885808256146,6.284804909904928
5.669748824668918,6.367379060385016
6.517991905052729,6.286921109731919
6.518511641261364,5.211086637750343
6.546317903014453,6.263510914749546
6.532784339043905,6.284474935183193
6.544038660485418,6.367590274915038
6.541398084984889,5.177289693999024
6.5397410064079065,5.048947660596335
6.549696562367176,6.282370639872978
6.562362742338191,6.358669017620992
6.565702706625244,6.262763184112642
5.666378361684663,6.272507850391605
6.536683020699213,5.121018547070661
5.774426545194278,5.154842015577987
5.8202326880744515,6.31521422859983
6.559093319804608,6.287258020978845
5.964068884773381,6.229952925426035
5.781354872741642,6.357534476602547
6.531313171538867,6.28102390531451
6.54848344734506,5.470235376930161
6.539800482486555,6.239190675628491
6.541307237863066,6.359938436883432
5.636944172416026,4.983316828138783
5.979706361961065,6.254994603751992
6.528061781912067,6.256779045607647
6.537251927362012,5.310746372092066
6.524874803599058,5.391722017567275
6.545330128257688,6.280765117637708
5.889271636499077,6.365608420390084
6.553560520311541,6.369844555247607
6.542549689544325,6.236422577051398
5.7581211571467446,6.347694753175747
5.821240004237907,5.241065950236294
6.553522185029927,6.360995170713899
5.603329480072052,6.265114840057235
6.5409463348447545,5.358789701734034
6.545691999870033,6.357776975929997
6.5556397987623125,5.192571727075064
5.863260438470821,6.24181272166425
5.780810208615782,5.179334642820394
6.548600768639007,5.080927106148776
6.5150969818007045,6.285675553307696
6.551360378216582,6.277886768991773
5.922942300555806,6.270736774621532
6.550263590427193,6.2741234675448805
6.552433095058105,6.236429083467206
6.544985335030018,5.136317902124631
6.5248409282664355,5.136852604526705
6.552067140287546,6.244559738541907
6.5514139784386325,6.362726493090133
6.517108700958796,6.283438196408095
6.5262447855995935,5.256230521694922
6.551569030863249,5.300230792724394
6.526415804890155,5.386728507484547
5.741476415796336,6.299865385900692
5.857481305506905,6.275448179716642
6.563951290639675,5.337178799210872
6.529348080674381,6.369801111047543
5.729522995102991,5.099843719623836
6.519047551219586,6.349571911804851
5.6813709612143635,5.090197259578215
6.519957274974869,5.116990913106019
6.556103938809897,5.019683132283548
6.545858217461594,5.177472714386731
5.8074099550032505,6.27453554057212
6.51810301791795,5.3008880061975985
5.891451433018163,6.251175055143804
5.6800601838434925,6.281387527844591
5.976490322393968,5.037118416282423
5.999100211296885,6.2452881416819555
6.557776609697388,6.36339867559014
5.771065485221554,5.375212347486421
6.541563086756068,6.2538955420160045
6.55722997613446,6.283093277787785
5.934956935968197,6.27082760307662
6.557087347035073,5.456556426652972
6.529083103198149,6.370080746543342
5.621274248793085,6.28067610845788
5.74245409091237,6.292585149971009
6.514237630726152,5.020313350353041
6.530914908020341,6.267573978275153
5.971383634970854,6.35753146762207
6.130390537074845,6.281849054730705
6.518934838505865,6.239452746324325
6.528338249171934,5.107164465286708
6.552595380171894,5.192585877191901
6.536911030118327,6.3690923410388365
6.543914651858966,4.99395610343308
5.931545340291204,6.3635613678699965
6.546391032954215,5.12422442649649
6.559295087180811,5.08342955918075
6.5458758721252845,6.2481977891375005
5.736850454025608,6.258458372377342
5.822722361937821,6.27850386551866
5.6219258957975615,5.442605421061451
6.529603929889557,5.45047924156119
6.5312684111934605,5.3323774134068955
6.5182808147748466,5.180484197193445
5.774042590798993,6.2742367348889925
6.540470493577617,6.304617323043452
6.545139731731142,5.145685192839212
6.557283292218425,6.363532643682838
6.536559070735942,6.254887634715785
5.911487714963788,6.25063340256988
5.861256458024634,6.354440489871829
5.694624675190897,5.0035599963675494
6.555110361785191,5.129290133876104
5.936144448440311,6.260466928642143
6.535080025521847,5.454559708903116
6.534219922117227,5.396072265623175
6.549213505443934,6.2673847423320765
5.812587977365514,5.030902897947275
6.544234206283626,5.134459994629251
6.529455837069166,5.390364039876351
5.8092247172148035,4.9463593095030225
6.5360611265727915,5.065652326007767
6.548535006279469,6.283520282478174
6.541112793078595,6.251977199205021
6.556686725487863,6.241518816712888
6.542868900461926,6.284769174485405
6.543438068617618,6.364572554690646
6.53171003413502,6.366579657388522
6.542761505680435,5.318961106584547
6.5437862344793185,6.252920753223087
6.555776466510654,5.269134695168265
6.519311276928133,6.3658379983
5.684890192601311,6.354068630330964
6.518269332181337,6.254189242141328
5.69717254992894,6.255983450562889
6.548307219826555,5.420581322105848
6.556180366130738,6.26733990079176
6.556548713266695,6.26199745494378
5.6156805239132686,6.34981458693011
5.883788196200653,6.2500155709578795
5.671528745122576,6.292070794255428
5.617856243722446,6.24145073235341
6.556738474786906,6.36316749778087
6.528092849776227,5.245894927955218
6.521938715263881,6.356824598139522
5.731438456389596,6.264679077968072
5.987748287948122,6.366967094740215
6.524371568646782,6.27519877778556
5.590168295132157,6.257814993910619
5.84606422981882,6.31187900239684
5.885932587405478,6.2475551557315985
5.640516866688653,6.361856544800153
5.787775197307385,5.070257707489698
6.545661233414177,5.217613095218799
5.8973099812963525,5.309979533412358
6.548083418861738,6.3697315154939265
6.549100858857441,6.369739957776354
6.530244665431448,5.06546667713369
6.524197548468541,5.260402264548269
5.675730479386639,6.252216659666697
6.5380234128551065,5.057259121507183
5.796713935226983,4.922007338909422
6.554109775343277,6.31171001652602
6.526940069374652,6.244483904031297
6.555634401863021,6.291691497251181
5.617777815538581,6.271034363624988
5.813946216881256,5.278155308770848
6.557253243342181,5.267125863047026
6.549626218327675,6.295068224435619
6.548526344027506,5.094014859640148
5.833387292747932,5.410546633498935
6.546389102791652,5.113431064146153
5.743588900507804,5.3889454475333185
6.541428745133647,5.218196391690782
5.826992493126973,6.246120879081319
6.544915167932804,5.126609028553027
6.530602371083729,6.235060751598918
6.5126790264701215,5.537195344272077
6.5525537695533576,6.300264162523369
6.557112577619701,6.265199613553351
6.529719667798996,6.278663442498026
5.938508462203064,5.0169375079799075
6.542772273086747,6.27927674961516
6.5418331702508725,5.104052987484978
6.542631465068691,5.219011112764857
6.510364990762519,6.3071235632153595
6.562014038168235,6.279029902265139
5.646091785772654,6.2490794454351075
5.790488669170506,6.234291339295594
5.902029690776087,6.26684699344174
5.604408503651737,6.2972293620224296
5.834467981376945,6.252271233557049
5.599270741232874,6.366096493481031
6.539953473528221,6.249109512053998
5.701509209473568,5.167013495188387
6.521690145648989,6.3668063384793205
6.523773224801979,6.289089296138263
6.550228930125334,6.247385974397094
6.549232527812604,6.276073745840913
6.533823633391465,6.281944005043801
6.521099213990834,6.2821430325129946
6.526918288422511,6.247232887196291
6.518238274123491,6.342429065095339
6.535927807809166,5.445582111301276
6.546980260970278,5.087310367900489
6.548562247316564,5.37957924581681
6.521338975826977,6.365637580392584
6.549885044889933,5.181755055227761
6.5515502498377955,5.4455855801277515
5.907567483899946,6.359208047384135
5.738572991647041,5.35279844161055
6.5492967257949,5.090999646282137
6.547547624942348,5.101049174190303
5.820930414716132,6.365848074595145
6.545102311025218,6.276625415776058
5.703362154945656,5.231070049080605
6.560237929558539,5.3049233528706035
6.531824190912327,6.28799627957515
6.55938107370819,6.290171700871491
5.692245854811918,5.034494783342952
6.539172703172749,5.0980889117233295
5.8979399410038775,6.365240056624903
6.553841757743967,6.314321850823233
5.748884458047174,5.459144950465813
6.55297370095473,5.271012473453183
5.727884092825325,6.274518094924312
5.587771473299073,6.2430528515183425
6.527139463670137,5.166625935039457
5.822295168459915,6.267389409850571
6.531294105512642,6.362805583570502
6.535050185880733,6.310064104862134
6.552493622736478,6.2659594382037564
5.895848978166586,6.368336457218161
6.528498145020562,6.301192749037071
5.790821035128103,5.018871167680478
5.938850778914856,6.262192053200742
6.542095282766841,6.270866360356684
5.718397938223081,6.256032804319606
5.5937427405591755,5.3836725998863395
6.52010208572257,6.357678341824881
5.884018770952299,6.2602746269345815
6.530133366054754,6.293480584607125
6.537135122098933,6.352546369801415
6.559189264042326,5.116667007955597
6.541154327038143,6.269630675643232
5.665785882176804,6.228018994563847
5.777772075721391,5.214372156195872
6.539145354102073,5.194595160462883
6.548094288335912,5.120343615408327
5.700153154062294,5.089246373862648
6.512026543661168,5.347482081111281
5.8499132332131785,6.260947622838543
5.791295953767818,4.9253011023814715
6.538767696090034,6.277271659945175
5.620219653993896,6.369200310855337
6.537812220083177,6.3678914454732425
6.529356981877028,5.385285496366571
5.7292694950484915,6.3649175786643974
5.811991083541336,6.231222824467342
6.5364657750874535,5.279707090542934
6.52299142751454,6.364849240743561
6.545659448689287,5.127937093449281
6.536886266392571,6.293516562991753
6.533000688338481,6.260890988792587
5.695804601066239,6.354264305092687
5.836184215760505,5.231204210255401
5.62768552530355,5.228774007460398
6.5232028071989925,6.370364798281271
6.551019139577438,6.368060814181385
6.550343306937119,5.460577504432581
6.541849745608609,6.353481534382315
6.542029314404491,6.2771741279761235
5.8435283352673935,6.364822189645397
6.541833487765526,5.322869288810235
6.528954380603283,5.062700156653565
5.677057022489329,6.237894037373395
6.528010636779712,6.274536767455537
6.529229080623971,6.249192444014005
5.756365608187542,6.264446006913051
6.515854538223975,6.2616538591887885
5.62920209611263,6.354294518516715
6.524785305432274,5.1621164853503725
6.54977873552892,6.262385392970719
6.532827170871265,6.275188813703773
6.549892166884016,6.367470759529532
6.538940895098234,5.346890122247748
5.6421268678952625,6.26807657757942
6.545143738722639,5.445628780661616
5.726844586287569,5.104756767636516
6.5398394304854115,6.366805079241143
6.54469169999429,5.008130605198052
6.555125312657797,6.3650139025987205
5.705716675385907,6.240205474244245
6.516970787503093,6.239604246913718
5.704266704223901,6.264165163736683
6.543536452454924,6.280355372457392
5.764481952406399,6.356105654877131
6.540845906503023,5.450008113921882
6.529857054160654,6.257275675849165
5.608802725675897,5.13999563453889
5.654421646630201,6.265457087781068
5.61934171965592,6.247850045553012
5.887468618549226,5.17171705643956
5.9539287062346276,6.279119815128368
6.532205963127378,5.056910252910644
6.5507711132076345,6.28311218127728
6.555779261579343,6.278481716848345
5.817725326162952,5.195500056952687
6.530654578622012,5.449770079554662
5.88517177869187,5.288743149415227
6.528109741303561,5.248543463158753
6.527607556333736,6.236901200729777
5.851694339290429,6.288099561582526
6.521694415917752,6.368738371627501
6.554622550159004,5.021567151520703
6.54869113397924,5.263572718753592
6.093548174067025,6.273485993605444
5.658919138982314,5.4739126178972874
6.519635126652406,5.215521173922429
5.667338467214299,5.307051619028546
6.534011356858047,6.275223447850382
6.5533238370942595,5.140378129101454
6.527286815081414,6.282262455217524
5.846979831097944,6.246285341926422
6.544955600868292,6.2595347769579845
5.592525444020465,6.236558264043067
6.526333185512334,6.272005798704114
5.582823900083341,6.253625220471899
6.560179541950434,6.281604354518305
6.077292909793966,6.252356382181063
6.52831330347027,6.279788074239956
5.844210073956818,6.244033792518476
5.662109672974365,6.254597889146653
6.544251952599125,6.291606355771332
6.552609283687733,6.262465152366046
6.517140992113582,5.348590418643655
5.9310123555144,6.236820328600459
5.74267083671527,6.267553233793839
6.532735439968034,6.366742278807067
5.636872493617446,6.261665924372148
6.553871463355133,6.360882059808875
5.773563976904598,5.216042612509373
6.523161810329775,5.146782857421561
6.5570741212649715,6.234212626505025
6.53525491753831,5.337376301768287
6.549703270381177,5.020308679727573
6.556945041713759,6.259615065194147
6.5222145095448445,5.377507983197749
5.774869234158803,6.3682817481958605
6.525781435051283,6.22403456165155
5.701700529727653,5.212531199996361
5.88927565835411,5.0140481801982935
6.535954964076881,4.945565079111216
6.518792589472544,6.2976484307497
6.513023800965808,6.368493025940095
6.5420556495292,6.251458882364302
6.561157062128764,6.282973922447132
6.572377222469746,6.3145625752174555
6.5473171356601085,6.248718082260389
6.52662914349224,6.273880478033474
5.897289576453452,6.293502576718508
6.550521167274433,6.267655387238472
6.5506364580495715,5.342236532603714
6.559346453925279,6.367012021982379
6.5581314801720705,6.2741847807617965
5.810382047167421,5.302131798738797
6.546742445460488,6.297452886053778
6.5163614086234105,6.2902620487839425
5.832492350394546,5.135817836040509
6.514803398180666,6.240583576718111
6.5398377415712705,6.25184763902787
6.5567098495775715,6.370342311793943
6.560921176075604,5.293371698587866
5.682148145540246,5.454808900128942
6.523688507040703,5.263816943836128
6.539628667051513,5.587203479941402
6.517315517181791,6.260115370104089
5.806364585551135,6.255506009293092
6.5279866232002,6.27343421450645
6.525888480752612,6.232421573175669
6.556537243570089,6.357898813352573
6.5468108022905795,4.9959185646682265
5.671909726686761,6.368586069715191
6.553846109289575,6.361699468767514
5.836317781136302,6.286234009110167
5.685096899726824,6.2514222040426155
5.777938405948418,6.265137214115137
6.5298979993323325,5.122957202371012
6.544533944655617,6.263344733748612
5.837436396521029,6.2313591216576505
6.542447578116919,5.2182817679044895
6.536719641397913,5.110107483845194
6.530275980058475,6.301514582145139
6.538093151989345,5.044099875418467
6.546930542048597,6.242648480474287
6.537775853950255,6.25188059407826
6.545870643542526,6.259590816281789
6.103998922292858,6.366258599960796
6.543490271878357,6.263785557815487
6.542235339273975,6.2480344528895415
6.537947078644971,6.238398615671535
5.7634817693325076,6.289946130839822
6.51898140200605,5.285587294064825
6.547342809753082,6.2631324099185335
6.5140526057022425,5.001083446938513
6.544684752733733,6.280971066098475
6.548158424681823,6.261674542493108
6.546935339822642,6.257514491811558
6.548908230402069,6.361996262054113
5.82380561737846,6.258283831445533
5.765784863802983,6.367767515576569
6.5355718735472195,4.986247808051357
6.551136951048083,6.3676767791093365
5.833748215739226,6.365821609570602
5.623340062965598,6.235047904947291
5.65984643372367,6.241601527422768
6.549589171596992,6.269664131463143
6.536651720639682,6.2497336674748
6.5399398514707965,6.3617682511205995
6.551160785875165,6.294162068830332
6.534483393209225,6.36871351506014
6.552012695917483,6.2475586710703634
6.531126139505536,6.28717950747207
6.55830991313373,5.497705935113951
5.6925390363992365,6.238491916822962
5.910291510771573,6.236565753512825
5.689122937804824,6.286664662383161
5.6473971530495035,6.2782584634913885
6.545268366664675,6.314285831205406
6.558065637295394,6.252482926555842
6.5608610078246326,6.251718299786054
6.5261534736878914,6.2440828715525365
6.535364527673711,6.350807456793293
6.538255472349292,6.245535098843565
6.539329759763232,5.214417155075881
6.529229971030857,5.185793268009473
6.5592503760492065,6.274983622927518
6.543318260790264,5.238414513807035
6.5327553708379265,6.239354076146984
5.766030559023578,5.0603054127090825
5.955911558869714,5.175239692203304
6.547304403229578,6.306832291919769
6.54336515882622,6.248668857288676
6.541054000363712,5.363741912120407
5.608197085513023,6.235177002260706
6.532151013648292,5.108707637082143
6.550472952799289,5.1240056217518735
5.798274975970497,6.248756733950895
6.5548525545984395,6.308897629898251
6.538382878974584,6.264904305805846
5.745659065089386,5.260310120634205
6.54854805440462,5.113090570202775
5.601518526099341,6.2734695466252415
5.7437813208409105,5.179232650929652
6.515545114287313,6.279712408694988
5.796221971488186,6.292615952629948
6.558331052496822,5.232967557009861
6.540847631868687,5.459743679260422
5.824769929653524,6.278114934888085
5.747450931318826,6.301535555316455
5.913387556698743,6.369566404148792
6.521384819048831,6.264193459168978
6.550591241601009,5.018667863003137
6.54360159824285,6.28328669319921
6.5307906776899065,5.210707180450906
5.757709381526299,6.364999938421965
6.537761332794127,5.003609644033599
5.573398127243605,6.276937093105037
6.559087867057493,6.244880450489529
6.5605105312166225,6.355486494334254
6.530067164475334,6.368632575789177
6.5587826287541615,6.361094599002968
5.806679921937294,5.103376663753366
5.89718906230876,6.3621736583003825
6.540758437137354,6.364464853561827
6.540313150495663,6.363555212521367
5.60418739804442,5.357103985146198
6.518167122588599,6.279579117430585
6.567249162764295,5.164028961993928
5.750433887110056,6.245632081865956
6.558525780786885,6.272073167502915
6.54757430806387,5.258380585401358
6.547203623713862,6.240399477801755
6.5601319855197175,5.213009196835451
6.541019051066668,5.499308050074883
6.515307919141023,5.094770082476036
6.533500522616445,5.342234880645243
5.6454162951086,5.0580620505334135
6.558086802755102,5.429549398359719
6.562635594341387,5.296125580636799
5.5855407783275375,6.267876555801273
6.534551480245689,5.096135645480694
5.886468605908808,6.291543478560486
6.534833553848099,5.09232474733281
6.524705172467964,6.247691603968359
5.823738881894201,5.051826038058173
6.555213921202002,6.366494877397633
6.549366589020581,6.254279681103854
5.568174371278941,6.240241424333826
5.892061099654169,6.300564136765434
5.723641781752376,5.331515901209465
6.563130585623334,6.291177454553203
5.5985078735976765,5.051714764514951
5.872836172624728,6.278549462631208
5.667397492107003,6.269842363546946
6.531450979795871,6.260378695303862
6.56208737515313,6.299807149864593
6.524188544757024,5.248495552880716
6.542061232317076,6.364791361324707
5.794417372631587,6.2939789233762955
6.556936020645151,6.293007485482697
5.673360987150391,6.281737937168027
6.555582037433582,6.265732963291455
6.553238769142807,5.27904597032326
6.537852051315108,6.297570453209508
6.540848245897277,6.26095213950904
6.530041187420858,5.156817205675229
5.72019968114941,6.273605813051434
5.869563808808507,6.236311868806263
6.544419031228774,6.283531667812152
6.554870671521829,6.266665428618644
6.543958991944024,6.35967311955551
6.5323184256100575,6.247565823992758
5.905854910359766,6.273053260727469
6.528155347395808,6.261524671311404
6.514402798402452,5.099811569984294
5.828337605882206,5.141964053779897
5.6546950960349385,5.264282571487103
6.515356584729607,5.251787846564818
6.528180648084755,6.271057490435275
6.553872111540118,6.284003968370976
5.7290493978600665,5.376838105909526
6.530269334471328,6.292853272345542
6.51793585438374,5.440083441414057
6.555996358940201,6.258787211536394
5.683681039155397,6.256465018380733
6.545758583943623,6.280505302186513
6.539737092541073,6.304296825502311
6.5427494917819935,4.997552284428753
6.528732955679736,6.2559914356547655
6.546861138835629,6.268334308806526
6.536886820852068,6.238280382284902
5.70725315686319,5.058203512668246
6.550819732205623,6.284100068090831
6.534608445191899,5.040426902452392
6.515824567955023,6.265159833212412
6.556159081873528,6.274530766747246
6.550266150968575,5.2212918482965796
5.79657172175963,5.0707007227088265
5.743246073142646,6.263105568553146
6.521899282522865,5.115982421044217
5.639198337231835,6.352653325377245
