tau,t_phys,p_inlet,p_outlet,q_outlet,w_center,w_monitor,volume,power,w_max_abs
0.000000000000e+00,0.000000000000e+00,5.000000000000e+03,4.828670713007e+03,1.251938520042e-06,9.407478789368e-08,9.407478789368e-08,1.659851657156e-12,6.259692600208e-03,9.407478789368e-08
2.500000000000e-02,1.325825214725e-06,5.000000000000e+03,4.671104213028e+03,2.403309510106e-06,2.789199670003e-07,2.789199670003e-07,4.846220004442e-12,1.201654755053e-02,2.789199670003e-07
5.000000000000e-02,2.651650429450e-06,5.000000000000e+03,4.527490148103e+03,3.452727172750e-06,5.515112099545e-07,5.515112099545e-07,9.423932749640e-12,1.726363586375e-02,5.515112099545e-07
7.500000000000e-02,3.977475644174e-06,5.000000000000e+03,4.397211201147e+03,4.404702371541e-06,9.090915333712e-07,9.090915333712e-07,1.526379821719e-11,2.202351185770e-02,9.090915333712e-07
1.000000000000e-01,5.303300858899e-06,5.000000000000e+03,4.279417001500e+03,5.265448940702e-06,1.349154063761e-06,1.349154063761e-06,2.224486318962e-11,2.632724470351e-02,1.349154063761e-06
1.250000000000e-01,6.629126073624e-06,5.000000000000e+03,4.173268888111e+03,6.041095149903e-06,1.869425074519e-06,1.869425074519e-06,3.025429946391e-11,3.020547574951e-02,1.869425074519e-06
1.500000000000e-01,7.954951288349e-06,5.000000000000e+03,4.078001861407e+03,6.737231009181e-06,2.467848500139e-06,2.467848500139e-06,3.918669021331e-11,3.368615504591e-02,2.467848500139e-06
1.750000000000e-01,9.280776503073e-06,5.000000000000e+03,3.992919543413e+03,7.358945096361e-06,3.142571825198e-06,3.142571825198e-06,4.894336517584e-11,3.679472548181e-02,3.142571825198e-06
2.000000000000e-01,1.060660171780e-05,5.000000000000e+03,3.917378674598e+03,7.910937841839e-06,3.891933040512e-06,3.891933040512e-06,5.943188603867e-11,3.955468920920e-02,3.891933040512e-06
2.250000000000e-01,1.193242693252e-05,5.000000000000e+03,3.850779392319e+03,8.397592565937e-06,4.714448467766e-06,4.714448467766e-06,7.056562600557e-11,4.198796282969e-02,4.714448467766e-06
2.500000000000e-01,1.325825214725e-05,5.000000000000e+03,3.792560955072e+03,8.823006722764e-06,5.608801348101e-06,5.608801348101e-06,8.226339078830e-11,4.411503361382e-02,5.608801348101e-06
2.750000000000e-01,1.458407736197e-05,5.000000000000e+03,3.742199573652e+03,9.191007748325e-06,6.573831100998e-06,6.573831100998e-06,9.444906060976e-11,4.595503874162e-02,6.573831100998e-06
3.000000000000e-01,1.590990257670e-05,5.000000000000e+03,3.699206421658e+03,9.505167598194e-06,7.608523094877e-06,7.608523094877e-06,1.070512514816e-10,4.752583799097e-02,7.608523094877e-06
3.250000000000e-01,1.723572779142e-05,5.000000000000e+03,3.663125386519e+03,9.768819181213e-06,8.711998624358e-06,8.711998624358e-06,1.200029982702e-10,4.884409590606e-02,8.711998624358e-06
3.500000000000e-01,1.856155300615e-05,5.000000000000e+03,3.633530727578e+03,9.985073472385e-06,9.883504518404e-06,9.883504518404e-06,1.332414604507e-10,4.992536736193e-02,9.883504518404e-06
3.750000000000e-01,1.988737822087e-05,5.000000000000e+03,3.610024840431e+03,1.015683584928e-05,1.112240133483e-05,1.112240133483e-05,1.467076495215e-10,5.078417924642e-02,1.112240133483e-05
4.000000000000e-01,2.121320343560e-05,5.000000000000e+03,3.592236201108e+03,1.028682111438e-05,1.242814834185e-05,1.242814834185e-05,1.603461763343e-10,5.143410557189e-02,1.242814834185e-05
4.250000000000e-01,2.253902865032e-05,5.000000000000e+03,3.579817475568e+03,1.037756730930e-05,1.380028237216e-05,1.380028237216e-05,1.741050167405e-10,5.188783654649e-02,1.380028237216e-05
4.500000000000e-01,2.386485386505e-05,5.000000000000e+03,3.572443757622e+03,1.043144859075e-05,1.523838614118e-05,1.523838614118e-05,1.879352943082e-10,5.215724295373e-02,1.523838614118e-05
4.750000000000e-01,2.519067907977e-05,5.000000000000e+03,3.569810910453e+03,1.045068734932e-05,1.674203984314e-05,1.674203984314e-05,2.017910791072e-10,5.225343674658e-02,1.674203984314e-05
5.000000000000e-01,2.651650429450e-05,5.000000000000e+03,3.571634004147e+03,1.043736562679e-05,1.831074804249e-05,1.831074804249e-05,2.156292016305e-10,5.218682813396e-02,1.831074804249e-05
5.250000000000e-01,2.784232950922e-05,5.000000000000e+03,3.577645851373e+03,1.039343581624e-05,1.994383253842e-05,1.994383253842e-05,2.294090809033e-10,5.196717908122e-02,1.994383253842e-05
5.500000000000e-01,2.916815472395e-05,5.000000000000e+03,3.587595645003e+03,1.032073061721e-05,2.164028166739e-05,2.164028166739e-05,2.430925657899e-10,5.160365308604e-02,2.164028166739e-05
5.750000000000e-01,3.049397993867e-05,5.000000000000e+03,3.601247698540e+03,1.022097223964e-05,2.339854819350e-05,2.339854819350e-05,2.566437885043e-10,5.110486119819e-02,2.339854819350e-05
6.000000000000e-01,3.181980515339e-05,5.000000000000e+03,3.618380286051e+03,1.009578088077e-05,2.521629221510e-05,2.521629221510e-05,2.700290293583e-10,5.047890440385e-02,2.521629221510e-05
6.250000000000e-01,3.314563036812e-05,5.000000000000e+03,3.638784574697e+03,9.946682525326e-06,2.709007275437e-05,2.709007275437e-05,2.832165918533e-10,4.973341262663e-02,2.709007275437e-05
6.500000000000e-01,3.447145558284e-05,5.000000000000e+03,3.662263640547e+03,9.775116137184e-06,2.901500167673e-05,2.901500167673e-05,2.961766873048e-10,4.887558068592e-02,2.901500167673e-05
6.750000000000e-01,3.579728079757e-05,5.000000000000e+03,3.688631557082e+03,9.582440319858e-06,3.098438531212e-05,3.098438531212e-05,3.088813282995e-10,4.791220159929e-02,3.098438531212e-05
7.000000000000e-01,3.712310601229e-05,5.000000000000e+03,3.717712545509e+03,9.369939525321e-06,3.298939082349e-05,3.298939082349e-05,3.213042303826e-10,4.684969762660e-02,3.298939082349e-05
7.250000000000e-01,3.844893122702e-05,5.000000000000e+03,3.749340176457e+03,9.138829887411e-06,3.501878358286e-05,3.501878358286e-05,3.334207214804e-10,4.569414943705e-02,3.501878358286e-05
7.500000000000e-01,3.977475644174e-05,5.000000000000e+03,3.783356613613e+03,8.890264748678e-06,3.705878599121e-05,3.705878599121e-05,3.452076586498e-10,4.445132374339e-02,3.705878599121e-05
7.750000000000e-01,4.110058165647e-05,5.000000000000e+03,3.819611891307e+03,8.625339939285e-06,3.909310514950e-05,3.909310514950e-05,3.566433518268e-10,4.312669969642e-02,3.909310514950e-05
8.000000000000e-01,4.242640687119e-05,5.000000000000e+03,3.857963219597e+03,8.345098854862e-06,4.110316542560e-05,4.110316542560e-05,3.677074943080e-10,4.172549427431e-02,4.110316542560e-05
8.250000000000e-01,4.375223208592e-05,5.000000000000e+03,3.898274312096e+03,8.050537368204e-06,4.306856265277e-05,4.306856265277e-05,3.783810997428e-10,4.025268684102e-02,4.306856265277e-05
8.500000000000e-01,4.507805730064e-05,5.000000000000e+03,3.940414733294e+03,7.742608598554e-06,4.496773151376e-05,4.496773151376e-05,3.886464454505e-10,3.871304299277e-02,4.496773151376e-05
8.750000000000e-01,4.640388251537e-05,5.000000000000e+03,3.984259263383e+03,7.422227552940e-06,4.677879015425e-05,4.677879015425e-05,3.984870218897e-10,3.711113776470e-02,4.677879015425e-05
9.000000000000e-01,4.772970773009e-05,5.000000000000e+03,4.029687279524e+03,7.090275647379e-06,4.848050064094e-05,4.848050064094e-05,4.078874881223e-10,3.545137823690e-02,4.848050064094e-05
9.250000000000e-01,4.905553294482e-05,5.000000000000e+03,4.076582152944e+03,6.747605112421e-06,5.005326494523e-05,5.005326494523e-05,4.168336331194e-10,3.373802556211e-02,5.005326494523e-05
9.500000000000e-01,5.038135815954e-05,5.000000000000e+03,4.124830661213e+03,6.395043287782e-06,5.148006718868e-05,5.148006718868e-05,4.253123427595e-10,3.197521643891e-02,5.148006718868e-05
9.750000000000e-01,5.170718337427e-05,5.000000000000e+03,4.174322414487e+03,6.033396814872e-06,5.274727575057e-05,5.274727575057e-05,4.333115723871e-10,3.016698407436e-02,5.274727575057e-05
1.000000000000e+00,5.303300858899e-05,5.000000000000e+03,4.224949293499e+03,5.663455743516e-06,5.384523326053e-05,5.384523326053e-05,4.408203248144e-10,2.831727871758e-02,5.384523326053e-05
1.025000000000e+00,5.435883380372e-05,5.000000000000e+03,4.276604895661e+03,5.285997579427e-06,5.476858620934e-05,5.476858620934e-05,4.478286336902e-10,2.642998789714e-02,5.476858620934e-05
1.050000000000e+00,5.568465901844e-05,5.000000000000e+03,4.329183983982e+03,4.901791311060e-06,5.551633510455e-05,5.551633510455e-05,4.543275522077e-10,2.450895655530e-02,5.551633510455e-05
1.075000000000e+00,5.701048423317e-05,5.000000000000e+03,4.382581931823e+03,4.511601466892e-06,5.609161621916e-05,5.609161621916e-05,4.603091471913e-10,2.255800733446e-02,5.609161621916e-05
1.100000000000e+00,5.833630944789e-05,5.000000000000e+03,4.436694154945e+03,4.116192265579e-06,5.650125262086e-05,5.650125262086e-05,4.657664986856e-10,2.058096132790e-02,5.650125262086e-05
1.125000000000e+00,5.966213466261e-05,5.000000000000e+03,4.491415521112e+03,3.716331930104e-06,5.675513185047e-05,5.675513185047e-05,4.706937052649e-10,1.858165965052e-02,5.675513185047e-05
1.150000000000e+00,6.098795987734e-05,5.000000000000e+03,4.546639726918e+03,3.312797241438e-06,5.686547833212e-05,5.686547833212e-05,4.750858953788e-10,1.656398620719e-02,5.686547833212e-05
1.175000000000e+00,6.231378509206e-05,5.000000000000e+03,4.602258631697e+03,2.906378405770e-06,5.684608998327e-05,5.684608998327e-05,4.789392451527e-10,1.453189202885e-02,5.684608998327e-05
1.200000000000e+00,6.363961030679e-05,5.000000000000e+03,4.658161539602e+03,2.497884300545e-06,5.671160167649e-05,5.671160167649e-05,4.822510031419e-10,1.248942150273e-02,5.671160167649e-05
1.225000000000e+00,6.496543552151e-05,5.000000000000e+03,4.714234423335e+03,2.088148146812e-06,5.647682538821e-05,5.647682538821e-05,4.850195226070e-10,1.044074073406e-02,5.647682538821e-05
1.250000000000e+00,6.629126073624e-05,5.000000000000e+03,4.770359086871e+03,1.678033627349e-06,5.615620077221e-05,5.615620077221e-05,4.872443019013e-10,8.390168136744e-03,5.615620077221e-05
1.275000000000e+00,6.761708595096e-05,5.000000000000e+03,4.826412269949e+03,1.268441430369e-06,5.576337321648e-05,5.576337321648e-05,4.889260335331e-10,6.342207151844e-03,5.576337321648e-05
1.300000000000e+00,6.894291116569e-05,5.000000000000e+03,4.882264704240e+03,8.603161462773e-07,5.531090141817e-05,5.531090141817e-05,4.900666623724e-10,4.301580731386e-03,5.531090141817e-05
1.325000000000e+00,7.026873638041e-05,5.000000000000e+03,4.937780140069e+03,4.546533796203e-07,5.481008465587e-05,5.481008465587e-05,4.906694532871e-10,2.273266898101e-03,5.481008465587e-05
1.350000000000e+00,7.159456159514e-05,5.000000000000e+03,4.992814373191e+03,5.250686062293e-08,5.427089196792e-05,5.427089196792e-05,4.907390682068e-10,2.625343031146e-04,5.427089196792e-05
1.375000000000e+00,7.292038680986e-05,5.000000000000e+03,5.047214313183e+03,-3.450047473390e-07,5.370197135511e-05,5.370197135511e-05,4.902816522136e-10,-1.725023736695e-03,5.370197135511e-05
1.400000000000e+00,7.424621202459e-05,5.000000000000e+03,5.100817147908e+03,-7.366917423278e-07,5.311071637942e-05,5.311071637942e-05,4.893049277262e-10,-3.683458711639e-03,5.311071637942e-05
1.425000000000e+00,7.557203723931e-05,5.000000000000e+03,5.153449671447e+03,-1.121288472874e-06,5.250336928235e-05,5.250336928235e-05,4.878182951958e-10,-5.606442364370e-03,5.250336928235e-05
1.450000000000e+00,7.689786245404e-05,5.000000000000e+03,5.204927854615e+03,-1.497450199694e-06,5.188514305929e-05,5.188514305929e-05,4.858329379633e-10,-7.487250998469e-03,5.188514305929e-05
1.475000000000e+00,7.822368766876e-05,5.000000000000e+03,5.255056746348e+03,-1.863752375052e-06,5.126034893823e-05,5.126034893823e-05,4.833619280705e-10,-9.318761875261e-03,5.126034893823e-05
1.500000000000e+00,7.954951288349e-05,5.000000000000e+03,5.303630799068e+03,-2.218693020292e-06,5.063251974005e-05,5.063251974005e-05,4.804203289204e-10,-1.109346510146e-02,5.063251974005e-05
1.525000000000e+00,8.087533809821e-05,5.000000000000e+03,5.350434710087e+03,-2.560698874180e-06,5.000452318249e-05,5.000452318249e-05,4.770252897857e-10,-1.280349437090e-02,5.000452318249e-05
1.550000000000e+00,8.220116331294e-05,5.000000000000e+03,5.395244862583e+03,-2.888135922352e-06,4.937866208584e-05,4.937866208584e-05,4.731961263563e-10,-1.444067961176e-02,4.937866208584e-05
1.575000000000e+00,8.352698852766e-05,5.000000000000e+03,5.437831432526e+03,-3.199324793110e-06,4.875676057290e-05,4.875676057290e-05,4.689543808755e-10,-1.599662396555e-02,4.875676057290e-05
1.600000000000e+00,8.485281374239e-05,5.000000000000e+03,5.477961201826e+03,-3.492561313667e-06,4.814023678174e-05,4.814023678174e-05,4.643238550219e-10,-1.746280656834e-02,4.814023678174e-05
1.625000000000e+00,8.617863895711e-05,5.000000000000e+03,5.515401083094e+03,-3.766142266278e-06,4.753016344549e-05,4.753016344549e-05,4.593306086430e-10,-1.883071133139e-02,4.753016344549e-05
1.650000000000e+00,8.750446417184e-05,5.000000000000e+03,5.549922319201e+03,-4.018396075300e-06,4.692731808555e-05,4.692731808555e-05,4.540029178036e-10,-2.009198037650e-02,4.692731808555e-05
1.675000000000e+00,8.883028938656e-05,5.000000000000e+03,5.581305273625e+03,-4.247717811275e-06,4.633222465408e-05,4.633222465408e-05,4.483711864244e-10,-2.123858905637e-02,4.633222465408e-05
1.700000000000e+00,9.015611460128e-05,5.000000000000e+03,5.609344678622e+03,-4.452607540352e-06,4.574518836527e-05,4.574518836527e-05,4.424678070761e-10,-2.226303770176e-02,4.574518836527e-05
1.725000000000e+00,9.148193981601e-05,5.000000000000e+03,5.633855161449e+03,-4.631710705575e-06,4.516632526374e-05,4.516632526374e-05,4.363269682354e-10,-2.315855352788e-02,4.516632526374e-05
1.750000000000e+00,9.280776503073e-05,5.000000000000e+03,5.654676828604e+03,-4.783858932073e-06,4.459558785166e-05,4.459558785166e-05,4.299844074395e-10,-2.391929466036e-02,4.459558785166e-05
1.775000000000e+00,9.413359024546e-05,5.000000000000e+03,5.671680658384e+03,-4.908109431583e-06,4.403278787131e-05,4.403278787131e-05,4.234771121985e-10,-2.454054715791e-02,4.403278787131e-05
1.800000000000e+00,9.545941546018e-05,5.000000000000e+03,5.684773436725e+03,-5.003781069672e-06,4.347761713602e-05,4.347761713602e-05,4.168429730874e-10,-2.501890534836e-02,4.347761713602e-05
1.825000000000e+00,9.678524067491e-05,5.000000000000e+03,5.693901972892e+03,-5.070485170643e-06,4.292966712677e-05,4.292966712677e-05,4.101203959972e-10,-2.535242585322e-02,4.292966712677e-05
1.850000000000e+00,9.811106588963e-05,5.000000000000e+03,5.699056351374e+03,-5.108149279809e-06,4.238844792501e-05,4.238844792501e-05,4.033478828815e-10,-2.554074639904e-02,4.238844792501e-05
1.875000000000e+00,9.943689110436e-05,5.000000000000e+03,5.700272014025e+03,-5.117032378121e-06,4.185340693095e-05,4.185340693095e-05,3.965635923300e-10,-2.558516189061e-02,4.185340693095e-05
1.900000000000e+00,1.007627163191e-04,5.000000000000e+03,5.697630520062e+03,-5.097730435637e-06,4.132394771671e-05,4.132394771671e-05,3.898048927806e-10,-2.548865217819e-02,4.132394771671e-05
1.925000000000e+00,1.020885415338e-04,5.000000000000e+03,5.691258897502e+03,-5.051171672347e-06,4.079944927965e-05,4.079944927965e-05,3.831079220135e-10,-2.525585836173e-02,4.079944927965e-05
1.950000000000e+00,1.034143667485e-04,5.000000000000e+03,5.681327573268e+03,-4.978601433004e-06,4.027928588926e-05,4.027928588926e-05,3.765071666995e-10,-2.489300716502e-02,4.027928588926e-05
1.975000000000e+00,1.047401919633e-04,5.000000000000e+03,5.668046944993e+03,-4.881557136612e-06,3.976284765621e-05,3.976284765621e-05,3.700350751607e-10,-2.440778568306e-02,3.976284765621e-05
2.000000000000e+00,1.060660171780e-04,5.000000000000e+03,5.651662729838e+03,-4.761834289264e-06,3.924956189101e-05,3.924956189101e-05,3.637217151917e-10,-2.380917144632e-02,3.924956189101e-05
2.025000000000e+00,1.073918423927e-04,5.000000000000e+03,5.632450288936e+03,-4.621445011685e-06,3.873891525893e-05,3.873891525893e-05,3.575944868667e-10,-2.310722505842e-02,3.873891525893e-05
2.050000000000e+00,1.087176676074e-04,5.000000000000e+03,5.610708175890e+03,-4.462570896768e-06,3.823047667329e-05,3.823047667329e-05,3.516778978493e-10,-2.231285448384e-02,3.823047667329e-05
2.075000000000e+00,1.100434928222e-04,5.000000000000e+03,5.586751190749e+03,-4.287512253569e-06,3.772392079945e-05,3.772392079945e-05,3.459934059950e-10,-2.143756126784e-02,3.772392079945e-05
2.100000000000e+00,1.113693180369e-04,5.000000000000e+03,5.560903235351e+03,-4.098635899763e-06,3.721905196359e-05,3.721905196359e-05,3.405593311732e-10,-2.049317949881e-02,3.721905196359e-05
2.125000000000e+00,1.126951432516e-04,5.000000000000e+03,5.533490261617e+03,-3.898323633437e-06,3.671582817269e-05,3.671582817269e-05,3.353908354048e-10,-1.949161816718e-02,3.671582817269e-05
2.150000000000e+00,1.140209684663e-04,5.000000000000e+03,5.504833582870e+03,-3.688923357451e-06,3.621438485584e-05,3.621438485584e-05,3.304999678023e-10,-1.844461678725e-02,3.621438485584e-05
2.175000000000e+00,1.153467936811e-04,5.000000000000e+03,5.475243782026e+03,-3.472704565401e-06,3.571505783148e-05,3.571505783148e-05,3.258957685262e-10,-1.736352282700e-02,3.571505783148e-05
2.200000000000e+00,1.166726188958e-04,5.000000000000e+03,5.445015403493e+03,-3.251819554153e-06,3.521840489572e-05,3.521840489572e-05,3.215844241676e-10,-1.625909777077e-02,3.521840489572e-05
2.225000000000e+00,1.179984441105e-04,5.000000000000e+03,5.414422561754e+03,-3.028271334919e-06,3.472522531618e-05,3.472522531618e-05,3.175694656747e-10,-1.514135667459e-02,3.472522531618e-05
2.250000000000e+00,1.193242693252e-04,5.000000000000e+03,5.383715543529e+03,-2.803888804494e-06,3.423657641186e-05,3.423657641186e-05,3.138519991984e-10,-1.401944402247e-02,3.423657641186e-05
2.275000000000e+00,1.206500945400e-04,5.000000000000e+03,5.353118425878e+03,-2.580309340283e-06,3.375378630981e-05,3.375378630981e-05,3.104309600133e-10,-1.290154670142e-02,3.375378630981e-05
2.300000000000e+00,1.219759197547e-04,5.000000000000e+03,5.322827683313e+03,-2.358968622168e-06,3.327846190393e-05,3.327846190393e-05,3.073033799333e-10,-1.179484311084e-02,3.327846190393e-05
2.325000000000e+00,1.233017449694e-04,5.000000000000e+03,5.293011715376e+03,-2.141097180406e-06,3.281249101009e-05,3.281249101009e-05,3.044646593043e-10,-1.070548590203e-02,3.281249101009e-05
2.350000000000e+00,1.246275701841e-04,5.000000000000e+03,5.263811193973e+03,-1.927722933705e-06,3.235803772567e-05,3.235803772567e-05,3.019088356318e-10,-9.638614668525e-03,3.235803772567e-05
2.375000000000e+00,1.259533953989e-04,5.000000000000e+03,5.235340107763e+03,-1.719678820763e-06,3.191753007046e-05,3.191753007046e-05,2.996288420900e-10,-8.598394103817e-03,3.191753007046e-05
2.400000000000e+00,1.272792206136e-04,5.000000000000e+03,5.207687368864e+03,-1.517614540804e-06,3.149363911703e-05,3.149363911703e-05,2.976167504656e-10,-7.588072704020e-03,3.149363911703e-05
2.425000000000e+00,1.286050458283e-04,5.000000000000e+03,5.180918844285e+03,-1.322011397681e-06,3.108924901760e-05,3.108924901760e-05,2.958639944204e-10,-6.610056988404e-03,3.108924901760e-05
2.450000000000e+00,1.299308710430e-04,5.000000000000e+03,5.155079679388e+03,-1.133199277881e-06,3.070741760212e-05,3.070741760212e-05,2.943615702445e-10,-5.665996389406e-03,3.070741760212e-05
2.475000000000e+00,1.312566962578e-04,5.000000000000e+03,5.130196791618e+03,-9.513748727520e-07,3.035132755481e-05,3.035132755481e-05,2.931002134495e-10,-4.756874363760e-03,3.035132755481e-05
2.500000000000e+00,1.325825214725e-04,5.000000000000e+03,5.106281427949e+03,-7.766203662512e-07,3.002422856509e-05,3.002422856509e-05,2.920705505857e-10,-3.883101831256e-03,3.002422856509e-05
2.525000000000e+00,1.339083466872e-04,5.000000000000e+03,5.083331697125e+03,-6.089219385786e-07,2.972937127897e-05,2.972937127897e-05,2.912632265257e-10,-3.044609692893e-03,2.972937127897e-05
2.550000000000e+00,1.352341719019e-04,5.000000000000e+03,5.061335006352e+03,-4.481875715808e-07,2.946993432868e-05,2.946993432868e-05,2.906690081424e-10,-2.240937857904e-03,2.946993432868e-05
2.575000000000e+00,1.365599971167e-04,5.000000000000e+03,5.040270350208e+03,-2.942637743139e-07,2.924894616726e-05,2.924894616726e-05,2.902788658106e-10,-1.471318871569e-03,2.924894616726e-05
2.600000000000e+00,1.378858223314e-04,5.000000000000e+03,5.020110416276e+03,-1.469509692808e-07,2.906920385384e-05,2.906920385384e-05,2.900840345102e-10,-7.347548464042e-04,2.906920385384e-05
2.625000000000e+00,1.392116475461e-04,5.000000000000e+03,5.000823486589e+03,-6.017386747291e-09,2.893319129480e-05,2.893319129480e-05,2.900760565071e-10,-3.008693373646e-05,2.893319129480e-05
2.650000000000e+00,1.405374727608e-04,5.000000000000e+03,4.982375126199e+03,1.287885965683e-07,2.884299971790e-05,2.884299971790e-05,2.902468076758e-10,6.439429828414e-04,2.884299971790e-05
2.675000000000e+00,1.418632979756e-04,5.000000000000e+03,4.964729659719e+03,2.577276680983e-07,2.880025331565e-05,2.880025331565e-05,2.905885095167e-10,1.288638340491e-03,2.880025331565e-05
2.700000000000e+00,1.431891231903e-04,5.000000000000e+03,4.947851443791e+03,3.810602812191e-07,2.880604301912e-05,2.880604301912e-05,2.910937288459e-10,1.905301406095e-03,2.880604301912e-05
2.725000000000e+00,1.445149484050e-04,5.000000000000e+03,4.931705948252e+03,4.990387549860e-07,2.886087124262e-05,2.886087124262e-05,2.917553670104e-10,2.495193774930e-03,2.886087124262e-05
2.750000000000e+00,1.458407736197e-04,5.000000000000e+03,4.916260661584e+03,6.119006577695e-07,2.896461016694e-05,2.896461016694e-05,2.925666403314e-10,3.059503288848e-03,2.896461016694e-05
2.775000000000e+00,1.471665988345e-04,5.000000000000e+03,4.901485837514e+03,7.198633517406e-07,2.911647571149e-05,2.911647571149e-05,2.935210533142e-10,3.599316758703e-03,2.911647571149e-05
2.800000000000e+00,1.484924240492e-04,5.000000000000e+03,4.887355099559e+03,8.231195753134e-07,2.931501879701e-05,2.931501879701e-05,2.946123660019e-10,4.115597876567e-03,2.931501879701e-05
2.825000000000e+00,1.498182492639e-04,5.000000000000e+03,4.873845919401e+03,9.218339475640e-07,2.955813484760e-05,2.955813484760e-05,2.958345566934e-10,4.609169737820e-03,2.955813484760e-05
2.850000000000e+00,1.511440744786e-04,5.000000000000e+03,4.860939983387e+03,1.016140290147e-06,2.984309175456e-05,2.984309175456e-05,2.971817811118e-10,5.080701450737e-03,2.984309175456e-05
2.875000000000e+00,1.524698996933e-04,5.000000000000e+03,4.848623459490e+03,1.106139676533e-06,3.016657576538e-05,3.016657576538e-05,2.986483289859e-10,5.530698382666e-03,3.016657576538e-05
2.900000000000e+00,1.537957249081e-04,5.000000000000e+03,4.836887174944e+03,1.191899134026e-06,3.052475401011e-05,3.052475401011e-05,3.002285789112e-10,5.959495670131e-03,3.052475401011e-05
2.925000000000e+00,1.551215501228e-04,5.000000000000e+03,4.825726712566e+03,1.273450939896e-06,3.091335167788e-05,3.091335167788e-05,3.019169522771e-10,6.367254699479e-03,3.091335167788e-05
2.950000000000e+00,1.564473753375e-04,5.000000000000e+03,4.815142431723e+03,1.350792468169e-06,3.132774124711e-05,3.132774124711e-05,3.037078669912e-10,6.753962340846e-03,3.132774124711e-05
2.975000000000e+00,1.577732005522e-04,5.000000000000e+03,4.805139417974e+03,1.423886557618e-06,3.176304068952e-05,3.176304068952e-05,3.055956916922e-10,7.119432788090e-03,3.176304068952e-05
3.000000000000e+00,1.590990257670e-04,5.000000000000e+03,4.795727363741e+03,1.492662383712e-06,3.221421723469e-05,3.221421723469e-05,3.075747011176e-10,7.463311918558e-03,3.221421723469e-05
3.025000000000e+00,1.604248509817e-04,5.000000000000e+03,4.786920380977e+03,1.557016827494e-06,3.267619311713e-05,3.267619311713e-05,3.096390332873e-10,7.785084137472e-03,3.267619311713e-05
3.050000000000e+00,1.617506761964e-04,5.000000000000e+03,4.778736745719e+03,1.616816342178e-06,3.314394973516e-05,3.314394973516e-05,3.117826491613e-10,8.084081710890e-03,3.314394973516e-05
3.075000000000e+00,1.630765014111e-04,5.000000000000e+03,4.771198573705e+03,1.671899323501e-06,3.361262682631e-05,3.361262682631e-05,3.139992954409e-10,8.359496617504e-03,3.361262682631e-05
3.100000000000e+00,1.644023266259e-04,5.000000000000e+03,4.764331425870e+03,1.722078992418e-06,3.407761359123e-05,3.407761359123e-05,3.162824711908e-10,8.610394962092e-03,3.407761359123e-05
3.125000000000e+00,1.657281518406e-04,5.000000000000e+03,4.758163842620e+03,1.767146798285e-06,3.453462915373e-05,3.453462915373e-05,3.186253989741e-10,8.835733991426e-03,3.453462915373e-05
3.150000000000e+00,1.670539770553e-04,5.000000000000e+03,4.752726806226e+03,1.806876347256e-06,3.497979029638e-05,3.497979029638e-05,3.210210011951e-10,9.034381736280e-03,3.497979029638e-05
3.175000000000e+00,1.683798022700e-04,5.000000000000e+03,4.748053131575e+03,1.841027854145e-06,3.540966502584e-05,3.540966502584e-05,3.234618823452e-10,9.205139270724e-03,3.540966502584e-05
3.200000000000e+00,1.697056274848e-04,5.000000000000e+03,4.744176786849e+03,1.869353106439e-06,3.582131116171e-05,3.582131116171e-05,3.259403178289e-10,9.346765532193e-03,3.582131116171e-05
3.225000000000e+00,1.710314526995e-04,5.000000000000e+03,4.741132147346e+03,1.891600916724e-06,3.621229977227e-05,3.621229977227e-05,3.284482500205e-10,9.458004583622e-03,3.621229977227e-05
3.250000000000e+00,1.723572779142e-04,5.000000000000e+03,4.738953187784e+03,1.907523024715e-06,3.658072386817e-05,3.658072386817e-05,3.309772921443e-10,9.537615123576e-03,3.658072386817e-05
3.275000000000e+00,1.736831031289e-04,5.000000000000e+03,4.737672620753e+03,1.916880392751e-06,3.692519328315e-05,3.692519328315e-05,3.335187405027e-10,9.584401963755e-03,3.692519328315e-05
3.300000000000e+00,1.750089283437e-04,5.000000000000e+03,4.737320991597e+03,1.919449819684e-06,3.724481709964e-05,3.724481709964e-05,3.360635954720e-10,9.597249098420e-03,3.724481709964e-05
3.325000000000e+00,1.763347535584e-04,5.000000000000e+03,4.737925742729e+03,1.915030778140e-06,3.753917530267e-05,3.753917530267e-05,3.386025915646e-10,9.575153890699e-03,3.753917530267e-05
3.350000000000e+00,1.776605787731e-04,5.000000000000e+03,4.739510263111e+03,1.903452360135e-06,3.780828156295e-05,3.780828156295e-05,3.411262366987e-10,9.517261800674e-03,3.780828156295e-05
3.375000000000e+00,1.789864039878e-04,5.000000000000e+03,4.742092941264e+03,1.884580196934e-06,3.805253915941e-05,3.805253915941e-05,3.436248606430e-10,9.422900984669e-03,3.805253915941e-05
3.400000000000e+00,1.803122292026e-04,5.000000000000e+03,4.745686242508e+03,1.858323201882e-06,3.827269206138e-05,3.827269206138e-05,3.460886724012e-10,9.291616009411e-03,3.827269206138e-05
3.425000000000e+00,1.816380544173e-04,5.000000000000e+03,4.750295833040e+03,1.824639970891e-06,3.846977311191e-05,3.846977311191e-05,3.485078260824e-10,9.123199854457e-03,3.846977311191e-05
3.450000000000e+00,1.829638796320e-04,5.000000000000e+03,4.755919774858e+03,1.783544665358e-06,3.864505110299e-05,3.864505110299e-05,3.508724945713e-10,8.917723326792e-03,3.864505110299e-05
3.475000000000e+00,1.842897048467e-04,5.000000000000e+03,4.762547816121e+03,1.735112197587e-06,3.879997832782e-05,3.879997832782e-05,3.531729500732e-10,8.675560987935e-03,3.879997832782e-05
3.500000000000e+00,1.856155300615e-04,5.000000000000e+03,4.770160801422e+03,1.679482540116e-06,3.893613995325e-05,3.893613995325e-05,3.553996503726e-10,8.397412700580e-03,3.893613995325e-05
3.525000000000e+00,1.869413552762e-04,5.000000000000e+03,4.778730225278e+03,1.616863988388e-06,3.905520629446e-05,3.905520629446e-05,3.575433294172e-10,8.084319941940e-03,3.905520629446e-05
3.550000000000e+00,1.882671804909e-04,5.000000000000e+03,4.788217950145e+03,1.547535221327e-06,3.915888881060e-05,3.915888881060e-05,3.595950906343e-10,7.737676106636e-03,3.915888881060e-05
3.575000000000e+00,1.895930057056e-04,5.000000000000e+03,4.798576107154e+03,1.471846026660e-06,3.924890038677e-05,3.924890038677e-05,3.615465012086e-10,7.359230133302e-03,3.924890038677e-05
3.600000000000e+00,1.909188309204e-04,5.000000000000e+03,4.809747193813e+03,1.390216586968e-06,3.932692023697e-05,3.932692023697e-05,3.633896854136e-10,6.951082934842e-03,3.932692023697e-05
3.625000000000e+00,1.922446561351e-04,5.000000000000e+03,4.821664378082e+03,1.303135257805e-06,3.939456356041e-05,3.939456356041e-05,3.651174149965e-10,6.515676289025e-03,3.939456356041e-05
3.650000000000e+00,1.935704813498e-04,5.000000000000e+03,4.834252012637e+03,1.211154809787e-06,3.945335591616e-05,3.945335591616e-05,3.667231945823e-10,6.055774048933e-03,3.945335591616e-05
3.675000000000e+00,1.948963065645e-04,5.000000000000e+03,4.847426357130e+03,1.114887150960e-06,3.950471214946e-05,3.950471214946e-05,3.682013400786e-10,5.574435754799e-03,3.950471214946e-05
3.700000000000e+00,1.962221317793e-04,5.000000000000e+03,4.861096499795e+03,1.014996592396e-06,3.954991960736e-05,3.954991960736e-05,3.695470481537e-10,5.074982961981e-03,3.954991960736e-05
3.725000000000e+00,1.975479569940e-04,5.000000000000e+03,4.875165463369e+03,9.121917669923e-07,3.959012531932e-05,3.959012531932e-05,3.707564549990e-10,4.560958834962e-03,3.959012531932e-05
3.750000000000e+00,1.988737822087e-04,5.000000000000e+03,4.889531474058e+03,8.072163569154e-07,3.962632678585e-05,3.962632678585e-05,3.718266827987e-10,4.036081784577e-03,3.962632678585e-05
3.775000000000e+00,2.001996074234e-04,5.000000000000e+03,4.904089366520e+03,7.008388270462e-07,3.965936601129e-05,3.965936601129e-05,3.727558725871e-10,3.504194135231e-03,3.965936601129e-05
3.800000000000e+00,2.015254326382e-04,5.000000000000e+03,4.918732092895e+03,5.938413982470e-07,3.968992642951e-05,3.968992642951e-05,3.735432024864e-10,2.969206991235e-03,3.968992642951e-05
3.825000000000e+00,2.028512578529e-04,5.000000000000e+03,4.933352299836e+03,4.870085236000e-07,3.971853239887e-05,3.971853239887e-05,3.741888906668e-10,2.435042618000e-03,3.971853239887e-05
3.850000000000e+00,2.041770830676e-04,5.000000000000e+03,4.947843934726e+03,3.811151515094e-07,3.974555097991e-05,3.974555097991e-05,3.746941827444e-10,1.905575757547e-03,3.974555097991e-05
3.875000000000e+00,2.055029082823e-04,5.000000000000e+03,4.962103840678e+03,2.769150706799e-07,3.977119575135e-05,3.977119575135e-05,3.750613237275e-10,1.384575353399e-03,3.977119575135e-05
3.900000000000e+00,2.068287334971e-04,5.000000000000e+03,4.976033299841e+03,1.751296328533e-07,3.979553246284e-05,3.979553246284e-05,3.752935150105e-10,8.756481642666e-04,3.979553246284e-05
3.925000000000e+00,2.081545587118e-04,5.000000000000e+03,4.989539485825e+03,7.643713964595e-08,3.981848636352e-05,3.981848636352e-05,3.753948572976e-10,3.821856982297e-04,3.981848636352e-05
3.950000000000e+00,2.094803839265e-04,5.000000000000e+03,5.002536788742e+03,-1.853683978420e-08,3.983985108035e-05,3.983985108035e-05,3.753702806880e-10,-9.268419892098e-05,3.983985108035e-05
3.975000000000e+00,2.108062091412e-04,5.000000000000e+03,5.014947980310e+03,-1.092279824138e-07,3.985929894820e-05,3.985929894820e-05,3.752254634748e-10,-5.461399120690e-04,3.985929894820e-05
4.000000000000e+00,2.121320343560e-04,5.000000000000e+03,5.026705191541e+03,-1.951403555192e-07,3.987639271282e-05,3.987639271282e-05,3.749667414710e-10,-9.757017775962e-04,3.987639271282e-05
4.025000000000e+00,2.134578595707e-04,5.000000000000e+03,5.037750681472e+03,-2.758520339468e-07,3.989059853754e-05,3.989059853754e-05,3.746010098889e-10,-1.379260169734e-03,3.989059853754e-05
4.050000000000e+00,2.147836847854e-04,5.000000000000e+03,5.048037381985e+03,-3.510190812350e-07,3.990130024488e-05,3.990130024488e-05,3.741356199401e-10,-1.755095406175e-03,3.990130024488e-05
4.075000000000e+00,2.161095100001e-04,5.000000000000e+03,5.057529210721e+03,-4.203778361122e-07,3.990781471503e-05,3.990781471503e-05,3.735782724053e-10,-2.101889180561e-03,3.990781471503e-05
4.100000000000e+00,2.174353352149e-04,5.000000000000e+03,5.066201151097e+03,-4.837454972418e-07,3.990940834568e-05,3.990940834568e-05,3.729369104276e-10,-2.418727486209e-03,3.990940834568e-05
4.125000000000e+00,2.187611604296e-04,5.000000000000e+03,5.074039105296e+03,-5.410190489686e-07,3.990531445215e-05,3.990531445215e-05,3.722196137308e-10,-2.705095244843e-03,3.990531445215e-05
4.150000000000e+00,2.200869856443e-04,5.000000000000e+03,5.081039532441e+03,-5.921726173555e-07,3.989475145614e-05,3.989475145614e-05,3.714344963432e-10,-2.960863086777e-03,3.989475145614e-05
4.175000000000e+00,2.214128108590e-04,5.000000000000e+03,5.087208889842e+03,-6.372533873176e-07,3.987694167525e-05,3.987694167525e-05,3.705896097342e-10,-3.186266936588e-03,3.987694167525e-05
4.200000000000e+00,2.227386360738e-04,5.000000000000e+03,5.092562900055e+03,-6.763762468140e-07,3.985113048804e-05,3.985113048804e-05,3.696928530515e-10,-3.381881234070e-03,3.985113048804e-05
4.225000000000e+00,2.240644612885e-04,5.000000000000e+03,5.097125670240e+03,-7.097173518423e-07,3.981660561033e-05,3.981660561033e-05,3.687518918911e-10,-3.548586759211e-03,3.981660561033e-05
4.250000000000e+00,2.253902865032e-04,5.000000000000e+03,5.100928693055e+03,-7.375068257737e-07,3.977271618269e-05,3.977271618269e-05,3.677740867455e-10,-3.687534128869e-03,3.977271618269e-05
4.275000000000e+00,2.267161117179e-04,5.000000000000e+03,5.104009759895e+03,-7.600208181437e-07,3.971889133563e-05,3.971889133563e-05,3.667664319810e-10,-3.800104090719e-03,3.971889133563e-05
4.300000000000e+00,2.280419369327e-04,5.000000000000e+03,5.106411817752e+03,-7.775731514997e-07,3.965465787338e-05,3.965465787338e-05,3.657355058905e-10,-3.887865757499e-03,3.965465787338e-05
4.325000000000e+00,2.293677621474e-04,5.000000000000e+03,5.108181800424e+03,-7.905067808026e-07,3.957965669848e-05,3.957965669848e-05,3.646874320681e-10,-3.952533904013e-03,3.957965669848e-05
4.350000000000e+00,2.306935873621e-04,5.000000000000e+03,5.109369463294e+03,-7.991852789242e-07,3.949365759139e-05,3.949365759139e-05,3.636278520741e-10,-3.995926394621e-03,3.949365759139e-05
4.375000000000e+00,2.320194125768e-04,5.000000000000e+03,5.110026248607e+03,-8.039845449869e-07,3.939657196291e-05,3.939657196291e-05,3.625619090921e-10,-4.019922724935e-03,3.939657196291e-05
4.400000000000e+00,2.333452377916e-04,5.000000000000e+03,5.110204205226e+03,-8.052849107922e-07,3.928846321305e-05,3.928846321305e-05,3.614942420523e-10,-4.026424553961e-03,3.928846321305e-05
4.425000000000e+00,2.346710630063e-04,5.000000000000e+03,5.109954983432e+03,-8.034637956190e-07,3.916955435968e-05,3.916955435968e-05,3.604289894929e-10,-4.017318978095e-03,3.916955435968e-05
4.450000000000e+00,2.359968882210e-04,5.000000000000e+03,5.109328921616e+03,-7.988890325004e-07,3.904023264320e-05,3.904023264320e-05,3.593698022699e-10,-3.994445162502e-03,3.904023264320e-05
4.475000000000e+00,2.373227134357e-04,5.000000000000e+03,5.108374237858e+03,-7.919129609124e-07,3.890105086962e-05,3.890105086962e-05,3.583198640984e-10,-3.959564804562e-03,3.890105086962e-05
4.500000000000e+00,2.386485386505e-04,5.000000000000e+03,5.107136335540e+03,-7.828673527549e-07,3.875272532247e-05,3.875272532247e-05,3.572819188224e-10,-3.914336763775e-03,3.875272532247e-05
4.525000000000e+00,2.399743638652e-04,5.000000000000e+03,5.105657228462e+03,-7.720592115509e-07,3.859613015271e-05,3.859613015271e-05,3.562583032524e-10,-3.860296057755e-03,3.859613015271e-05
4.550000000000e+00,2.413001890799e-04,5.000000000000e+03,5.103975087494e+03,-7.597674597431e-07,3.843228824267e-05,3.843228824267e-05,3.552509843970e-10,-3.798837298716e-03,3.843228824267e-05
4.575000000000e+00,2.426260142946e-04,5.000000000000e+03,5.102123907725e+03,-7.462405064642e-07,3.826235863225e-05,3.826235863225e-05,3.542615999173e-10,-3.731202532321e-03,3.826235863225e-05
4.600000000000e+00,2.439518395094e-04,5.000000000000e+03,5.100133292382e+03,-7.316946686211e-07,3.808762069117e-05,3.808762069117e-05,3.532915006761e-10,-3.658473343106e-03,3.808762069117e-05
4.625000000000e+00,2.452776647241e-04,5.000000000000e+03,5.098028347587e+03,-7.163134018308e-07,3.790945531478e-05,3.790945531478e-05,3.523417943063e-10,-3.581567009154e-03,3.790945531478e-05
4.650000000000e+00,2.466034899388e-04,5.000000000000e+03,5.095829680206e+03,-7.002472847386e-07,3.772932351115e-05,3.772932351115e-05,3.514133887997e-10,-3.501236423693e-03,3.772932351115e-05
4.675000000000e+00,2.479293151535e-04,5.000000000000e+03,5.093553489747e+03,-6.836146904829e-07,3.754874282933e-05,3.754874282933e-05,3.505070352059e-10,-3.418073452414e-03,3.754874282933e-05
4.700000000000e+00,2.492551403683e-04,5.000000000000e+03,5.091211744293e+03,-6.665030723285e-07,3.736926214970e-05,3.736926214970e-05,3.496233686269e-10,-3.332515361642e-03,3.736926214970e-05
4.725000000000e+00,2.505809655830e-04,5.000000000000e+03,5.088812429964e+03,-6.489707864990e-07,3.719243541433e-05,3.719243541433e-05,3.487629467945e-10,-3.244853932495e-03,3.719243541433e-05
4.750000000000e+00,2.519067907977e-04,5.000000000000e+03,5.086359863131e+03,-6.310493736144e-07,3.701979491586e-05,3.701979491586e-05,3.479262856233e-10,-3.155246868072e-03,3.701979491586e-05
4.775000000000e+00,2.532326160124e-04,5.000000000000e+03,5.083855054690e+03,-6.127462205019e-07,3.685282478533e-05,3.685282478533e-05,3.471138912339e-10,-3.063731102509e-03,3.685282478533e-05
4.800000000000e+00,2.545584412272e-04,5.000000000000e+03,5.081296115946e+03,-5.940475260730e-07,3.669293532169e-05,3.669293532169e-05,3.463262880451e-10,-2.970237630365e-03,3.669293532169e-05
4.825000000000e+00,2.558842664419e-04,5.000000000000e+03,5.078678696087e+03,-5.749214980441e-07,3.654143878813e-05,3.654143878813e-05,3.455640426265e-10,-2.874607490220e-03,3.654143878813e-05
4.850000000000e+00,2.572100916566e-04,5.000000000000e+03,5.075996441759e+03,-5.553217111563e-07,3.639952726250e-05,3.639952726250e-05,3.448277830996e-10,-2.776608555781e-03,3.639952726250e-05
4.875000000000e+00,2.585359168713e-04,5.000000000000e+03,5.073241469854e+03,-5.351905618908e-07,3.626825307369e-05,3.626825307369e-05,3.441182139579e-10,-2.675952809454e-03,3.626825307369e-05
4.900000000000e+00,2.598617420861e-04,5.000000000000e+03,5.070404845212e+03,-5.144627591988e-07,3.614851228257e-05,3.614851228257e-05,3.434361262597e-10,-2.572313795994e-03,3.614851228257e-05
4.925000000000e+00,2.611875673008e-04,5.000000000000e+03,5.067477055606e+03,-4.930687952679e-07,3.604103157994e-05,3.604103157994e-05,3.427824032184e-10,-2.465343976340e-03,3.604103157994e-05
4.950000000000e+00,2.625133925155e-04,5.000000000000e+03,5.064448476917e+03,-4.709383446665e-07,3.594635887623e-05,3.594635887623e-05,3.421580212864e-10,-2.354691723332e-03,3.594635887623e-05
4.975000000000e+00,2.638392177302e-04,5.000000000000e+03,5.061309821992e+03,-4.480035442624e-07,3.586485775288e-05,3.586485775288e-05,3.415640468912e-10,-2.240017721312e-03,3.586485775288e-05
5.000000000000e+00,2.651650429450e-04,5.000000000000e+03,5.058052567195e+03,-4.242021100622e-07,3.579670583706e-05,3.579670583706e-05,3.410016290375e-10,-2.121010550311e-03,3.579670583706e-05
5.025000000000e+00,2.664908681597e-04,5.000000000000e+03,5.054669351094e+03,-3.994802505810e-07,3.574189705311e-05,3.574189705311e-05,3.404719880485e-10,-1.997401252905e-03,3.574189705311e-05
5.050000000000e+00,2.678166933744e-04,5.000000000000e+03,5.051154340240e+03,-3.737953395875e-07,3.570024760047e-05,3.570024760047e-05,3.399764007621e-10,-1.868976697938e-03,3.570024760047e-05
5.075000000000e+00,2.691425185891e-04,5.000000000000e+03,5.047503557336e+03,-3.471183141638e-07,3.567140541109e-05,3.567140541109e-05,3.395161825487e-10,-1.735591570819e-03,3.567140541109e-05
5.100000000000e+00,2.704683438039e-04,5.000000000000e+03,5.043715167589e+03,-3.194357670819e-07,3.565486275390e-05,3.565486275390e-05,3.390926665542e-10,-1.597178835410e-03,3.565486275390e-05
5.125000000000e+00,2.717941690186e-04,5.000000000000e+03,5.039789719404e+03,-2.907517056589e-07,3.564997158112e-05,3.564997158112e-05,3.387071806117e-10,-1.453758528294e-03,3.564997158112e-05
5.150000000000e+00,2.731199942333e-04,5.000000000000e+03,5.035730336098e+03,-2.610889526233e-07,3.565596115403e-05,3.565596115403e-05,3.383610222950e-10,-1.305444763117e-03,3.565596115403e-05
5.175000000000e+00,2.744458194480e-04,5.000000000000e+03,5.031542855779e+03,-2.304901682305e-07,3.567195744487e-05,3.567195744487e-05,3.380554326182e-10,-1.152450841153e-03,3.567195744487e-05
5.200000000000e+00,2.757716446628e-04,5.000000000000e+03,5.027235917113e+03,-1.990184769942e-07,3.569700378759e-05,3.569700378759e-05,3.377915689032e-10,-9.950923849711e-04,3.569700378759e-05
5.225000000000e+00,2.770974698775e-04,5.000000000000e+03,5.022820989340e+03,-1.667576870338e-07,3.573008224316e-05,3.573008224316e-05,3.375704773570e-10,-8.337884351689e-04,3.573008224316e-05
5.250000000000e+00,2.784232950922e-04,5.000000000000e+03,5.018312345612e+03,-1.338120952106e-07,3.577013515436e-05,3.577013515436e-05,3.373930659071e-10,-6.690604760530e-04,3.577013515436e-05
5.275000000000e+00,2.797491203069e-04,5.000000000000e+03,5.013726979483e+03,-1.003058769484e-07,3.581608638876e-05,3.581608638876e-05,3.372600778463e-10,-5.015293847422e-04,3.581608638876e-05
5.300000000000e+00,2.810749455217e-04,5.000000000000e+03,5.009084465278e+03,-6.638206587366e-08,3.586686180594e-05,3.586686180594e-05,3.371720668295e-10,-3.319103293683e-04,3.586686180594e-05
5.325000000000e+00,2.824007707364e-04,5.000000000000e+03,5.004406763933e+03,-3.220113509739e-08,3.592140853231e-05,3.592140853231e-05,3.371293737527e-10,-1.610056754870e-04,3.592140853231e-05
5.350000000000e+00,2.837265959511e-04,5.000000000000e+03,4.999717976912e+03,2.060801012374e-09,3.597871268381e-05,3.597871268381e-05,3.371321060146e-10,1.030400506187e-05,3.597871268381e-05
5.375000000000e+00,2.850524211658e-04,5.000000000000e+03,4.995044051742e+03,3.621413850039e-08,3.603781523877e-05,3.603781523877e-05,3.371801196326e-10,1.810706925019e-04,3.603781523877e-05
5.400000000000e+00,2.863782463806e-04,5.000000000000e+03,4.990412443749e+03,7.005825562614e-08,3.609782582890e-05,3.609782582890e-05,3.372730046344e-10,3.502912781307e-04,3.609782582890e-05
5.425000000000e+00,2.877040715953e-04,5.000000000000e+03,4.985851739501e+03,1.033842644263e-07,3.615793428332e-05,3.615793428332e-05,3.374100740990e-10,5.169213221315e-04,3.615793428332e-05
5.450000000000e+00,2.890298968100e-04,5.000000000000e+03,4.981391248407e+03,1.359779949977e-07,3.621741982582e-05,3.621741982582e-05,3.375903571534e-10,6.798899749884e-04,3.621741982582e-05
5.475000000000e+00,2.903557220247e-04,5.000000000000e+03,4.977060569728e+03,1.676231594114e-07,3.627565788819e-05,3.627565788819e-05,3.378125961647e-10,8.381157970570e-04,3.627565788819e-05
5.500000000000e+00,2.916815472395e-04,5.000000000000e+03,4.972889142991e+03,1.981046369624e-07,3.633212455968e-05,3.633212455968e-05,3.380752482875e-10,9.905231848120e-04,3.633212455968e-05
5.525000000000e+00,2.930073724542e-04,5.000000000000e+03,4.968905790338e+03,2.272118183059e-07,3.638639874434e-05,3.638639874434e-05,3.383764914453e-10,1.136059091529e-03,3.638639874434e-05
5.550000000000e+00,2.943331976689e-04,5.000000000000e+03,4.965138259759e+03,2.547419431275e-07,3.643816214246e-05,3.643816214246e-05,3.387142347368e-10,1.273709715637e-03,3.643816214246e-05
5.575000000000e+00,2.956590228836e-04,5.000000000000e+03,4.961612778368e+03,2.805033644976e-07,3.648719720935e-05,3.648719720935e-05,3.390861331702e-10,1.402516822488e-03,3.648719720935e-05
5.600000000000e+00,2.969848480984e-04,5.000000000000e+03,4.958353624842e+03,3.043186730965e-07,3.653338327406e-05,3.653338327406e-05,3.394896065404e-10,1.521593365482e-03,3.653338327406e-05
5.625000000000e+00,2.983106733131e-04,5.000000000000e+03,4.955382729967e+03,3.260276161450e-07,3.657669102255e-05,3.657669102255e-05,3.399218621745e-10,1.630138080725e-03,3.657669102255e-05
5.650000000000e+00,2.996364985278e-04,5.000000000000e+03,4.952719313737e+03,3.454897491619e-07,3.661717556440e-05,3.661717556440e-05,3.403799211954e-10,1.727448745810e-03,3.661717556440e-05
5.675000000000e+00,3.009623237425e-04,5.000000000000e+03,4.950379566823e+03,3.625867635696e-07,3.665496831051e-05,3.665496831051e-05,3.408606478691e-10,1.812933817848e-03,3.665496831051e-05
5.700000000000e+00,3.022881489572e-04,5.000000000000e+03,4.948376383315e+03,3.772244395980e-07,3.669026789138e-05,3.669026789138e-05,3.413607815427e-10,1.886122197990e-03,3.669026789138e-05
5.725000000000e+00,3.036139741720e-04,5.000000000000e+03,4.946719150585e+03,3.893341817657e-07,3.672333034309e-05,3.672333034309e-05,3.418769706178e-10,1.946670908829e-03,3.672333034309e-05
5.750000000000e+00,3.049397993867e-04,5.000000000000e+03,4.945413600895e+03,3.988741032491e-07,3.675445878167e-05,3.675445878167e-05,3.424058079614e-10,1.994370516245e-03,3.675445878167e-05
5.775000000000e+00,3.062656246014e-04,5.000000000000e+03,4.944461727975e+03,4.058296354626e-07,3.678399277635e-05,3.678399277635e-05,3.429438671250e-10,2.029148177313e-03,3.678399277635e-05
5.800000000000e+00,3.075914498161e-04,5.000000000000e+03,4.943861770346e+03,4.102136498920e-07,3.681229762047e-05,3.681229762047e-05,3.434877387255e-10,2.051068249460e-03,3.681229762047e-05
5.825000000000e+00,3.089172750309e-04,5.000000000000e+03,4.943608261649e+03,4.120660903513e-07,3.683975368469e-05,3.683975368469e-05,3.440340663382e-10,2.060330451756e-03,3.683975368469e-05
5.850000000000e+00,3.102431002456e-04,5.000000000000e+03,4.943692146684e+03,4.114531250555e-07,3.686674602267e-05,3.686674602267e-05,3.445795812661e-10,2.057265625278e-03,3.686674602267e-05
5.875000000000e+00,3.115689254603e-04,5.000000000000e+03,4.944100960375e+03,4.084658389013e-07,3.689365438413e-05,3.689365438413e-05,3.451211355746e-10,2.042329194507e-03,3.689365438413e-05
5.900000000000e+00,3.128947506750e-04,5.000000000000e+03,4.944819065431e+03,4.032184967967e-07,3.692084377485e-05,3.692084377485e-05,3.456557328247e-10,2.016092483984e-03,3.692084377485e-05
5.925000000000e+00,3.142205758898e-04,5.000000000000e+03,4.945827943183e+03,3.958464184965e-07,3.694865568820e-05,3.694865568820e-05,3.461805559875e-10,1.979232092483e-03,3.694865568820e-05
5.950000000000e+00,3.155464011045e-04,5.000000000000e+03,4.947106530875e+03,3.865035138957e-07,3.697740011792e-05,3.697740011792e-05,3.466929920918e-10,1.932517569479e-03,3.697740011792e-05
5.975000000000e+00,3.168722263192e-04,5.000000000000e+03,4.948631597759e+03,3.753595348887e-07,3.700734844760e-05,3.700734844760e-05,3.471906532278e-10,1.876797674443e-03,3.700734844760e-05
6.000000000000e+00,3.181980515339e-04,5.000000000000e+03,4.950378151515e+03,3.625971055161e-07,3.703872729805e-05,3.703872729805e-05,3.476713936130e-10,1.812985527580e-03,3.703872729805e-05
6.025000000000e+00,3.195238767487e-04,5.000000000000e+03,4.952319866039e+03,3.484085960717e-07,3.707171340006e-05,3.707171340006e-05,3.481333225147e-10,1.742042980358e-03,3.707171340006e-05
6.050000000000e+00,3.208497019634e-04,5.000000000000e+03,4.954429521286e+03,3.329929090341e-07,3.710642954589e-05,3.710642954589e-05,3.485748129099e-10,1.664964545171e-03,3.710642954589e-05
6.075000000000e+00,3.221755271781e-04,5.000000000000e+03,4.956679445849e+03,3.165522451108e-07,3.714294165938e-05,3.714294165938e-05,3.489945058582e-10,1.582761225554e-03,3.714294165938e-05
6.100000000000e+00,3.235013523928e-04,5.000000000000e+03,4.959041953080e+03,2.992889163583e-07,3.718125700984e-05,3.718125700984e-05,3.493913106500e-10,1.496444581792e-03,3.718125700984e-05
6.125000000000e+00,3.248271776076e-04,5.000000000000e+03,4.961489762022e+03,2.814022703707e-07,3.722132358074e-05,3.722132358074e-05,3.497644008755e-10,1.407011351854e-03,3.722132358074e-05
6.150000000000e+00,3.261530028223e-04,5.000000000000e+03,4.963996394994e+03,2.630857850305e-07,3.726303058894e-05,3.726303058894e-05,3.501132066430e-10,1.315428925153e-03,3.726303058894e-05
6.175000000000e+00,3.274788280370e-04,5.000000000000e+03,4.966536544495e+03,2.445243874878e-07,3.730621013472e-05,3.730621013472e-05,3.504374032415e-10,1.222621937439e-03,3.730621013472e-05
6.200000000000e+00,3.288046532517e-04,5.000000000000e+03,4.969086403024e+03,2.258920440715e-07,3.735063994715e-05,3.735063994715e-05,3.507368966094e-10,1.129460220358e-03,3.735063994715e-05
6.225000000000e+00,3.301304784665e-04,5.000000000000e+03,4.971623950509e+03,2.073496599934e-07,3.739604717275e-05,3.739604717275e-05,3.510118060168e-10,1.036748299967e-03,3.739604717275e-05
6.250000000000e+00,3.314563036812e-04,5.000000000000e+03,4.974129195184e+03,1.890433192249e-07,3.744211313939e-05,3.744211313939e-05,3.512624444161e-10,9.452165961246e-04,3.744211313939e-05
6.275000000000e+00,3.327821288959e-04,5.000000000000e+03,4.976584364963e+03,1.711028860801e-07,3.748847901099e-05,3.748847901099e-05,3.514892969368e-10,8.555144304003e-04,3.748847901099e-05
6.300000000000e+00,3.341079541106e-04,5.000000000000e+03,4.978974047592e+03,1.536409810750e-07,3.753475223298e-05,3.753475223298e-05,3.516929980235e-10,7.682049053752e-04,3.753475223298e-05
6.325000000000e+00,3.354337793254e-04,5.000000000000e+03,4.981285279076e+03,1.367523348077e-07,3.758051365363e-05,3.758051365363e-05,3.518743077172e-10,6.837616740385e-04,3.758051365363e-05
6.350000000000e+00,3.367596045401e-04,5.000000000000e+03,4.983507581011e+03,1.205135151357e-07,3.762532519282e-05,3.762532519282e-05,3.520340875743e-10,6.025675756783e-04,3.762532519282e-05
6.375000000000e+00,3.380854297548e-04,5.000000000000e+03,4.985632948565e+03,1.049830150302e-07,3.766873791798e-05,3.766873791798e-05,3.521732767027e-10,5.249150751509e-04,3.766873791798e-05
6.400000000000e+00,3.394112549695e-04,5.000000000000e+03,4.987655791800e+03,9.020168131787e-08,3.771030037712e-05,3.771030037712e-05,3.522928683662e-10,4.510084065893e-04,3.771030037712e-05
6.425000000000e+00,3.407370801843e-04,5.000000000000e+03,4.989572833919e+03,7.619345822956e-08,3.774956703187e-05,3.774956703187e-05,3.523938875743e-10,3.809672911478e-04,3.774956703187e-05
6.450000000000e+00,3.420629053990e-04,5.000000000000e+03,4.991382970726e+03,6.296641435871e-08,3.778610662876e-05,3.778610662876e-05,3.524773700342e-10,3.148320717936e-04,3.778610662876e-05
6.475000000000e+00,3.433887306137e-04,5.000000000000e+03,4.993087096181e+03,5.051401735343e-08,3.781951034635e-05,3.781951034635e-05,3.525443427921e-10,2.525700867672e-04,3.781951034635e-05
6.500000000000e+00,3.447145558284e-04,5.000000000000e+03,4.994687899377e+03,3.881661745978e-08,3.784939955741e-05,3.784939955741e-05,3.525958068423e-10,1.940830872989e-04,3.784939955741e-05
6.525000000000e+00,3.460403810432e-04,5.000000000000e+03,4.996189638545e+03,2.784309889417e-08,3.787543305174e-05,3.787543305174e-05,3.526327219248e-10,1.392154944708e-04,3.787543305174e-05
6.550000000000e+00,3.473662062579e-04,5.000000000000e+03,4.997597897863e+03,1.755265691893e-08,3.789731357411e-05,3.789731357411e-05,3.526559936800e-10,8.776328459464e-05,3.789731357411e-05
6.575000000000e+00,3.486920314726e-04,5.000000000000e+03,4.998919332838e+03,7.896658369102e-09,3.791479354469e-05,3.791479354469e-05,3.526664632687e-10,3.948329184551e-05,3.791479354469e-05
6.600000000000e+00,3.500178566873e-04,5.000000000000e+03,5.000161409947e+03,-1.179455848491e-09,3.792767984544e-05,3.792767984544e-05,3.526648995164e-10,-5.897279242455e-06,3.792767984544e-05
6.625000000000e+00,3.513436819021e-04,5.000000000000e+03,5.001332145995e+03,-9.734266184754e-09,3.793583757485e-05,3.793583757485e-05,3.526519935809e-10,-4.867133092377e-05,3.793583757485e-05
6.650000000000e+00,3.526695071168e-04,5.000000000000e+03,5.002439852337e+03,-1.782850543012e-08,3.793919269494e-05,3.793919269494e-05,3.526283560988e-10,-8.914252715062e-05,3.793919269494e-05
6.675000000000e+00,3.539953323315e-04,5.000000000000e+03,5.003492888724e+03,-2.552326000799e-08,3.793773351809e-05,3.793773351809e-05,3.525945167172e-10,-1.276163000400e-04,3.793773351809e-05
6.700000000000e+00,3.553211575462e-04,5.000000000000e+03,5.004499431067e+03,-3.287827300092e-08,3.793151100639e-05,3.793151100639e-05,3.525509258738e-10,-1.643913650046e-04,3.793151100639e-05
6.725000000000e+00,3.566469827610e-04,5.000000000000e+03,5.005467256925e+03,-3.995037663094e-08,3.792063788189e-05,3.792063788189e-05,3.524979586571e-10,-1.997518831547e-04,3.792063788189e-05
6.750000000000e+00,3.579728079757e-04,5.000000000000e+03,5.006403551952e+03,-4.679207796052e-08,3.790528657259e-05,3.790528657259e-05,3.524359205403e-10,-2.339603898026e-04,3.790528657259e-05
6.775000000000e+00,3.592986331904e-04,5.000000000000e+03,5.007314740009e+03,-5.345031746931e-08,3.788568604419e-05,3.788568604419e-05,3.523650547617e-10,-2.672515873465e-04,3.788568604419e-05
6.800000000000e+00,3.606244584051e-04,5.000000000000e+03,5.008206339050e+03,-5.996541598435e-08,3.786211759237e-05,3.786211759237e-05,3.522855511012e-10,-2.998270799217e-04,3.786211759237e-05
6.825000000000e+00,3.619502836199e-04,5.000000000000e+03,5.009082844331e+03,-6.637022127524e-08,3.783490969245e-05,3.783490969245e-05,3.521975557883e-10,-3.318511063762e-04,3.783490969245e-05
6.850000000000e+00,3.632761088346e-04,5.000000000000e+03,5.009947639935e+03,-7.268946153977e-08,3.780443202390e-05,3.780443202390e-05,3.521011822673e-10,-3.634473076988e-04,3.780443202390e-05
6.875000000000e+00,3.646019340493e-04,5.000000000000e+03,5.010802939058e+03,-7.893930905524e-08,3.777108880362e-05,3.777108880362e-05,3.519965225410e-10,-3.946965452762e-04,3.777108880362e-05
6.900000000000e+00,3.659277592640e-04,5.000000000000e+03,5.011649752987e+03,-8.512715350339e-08,3.773531157618e-05,3.773531157618e-05,3.518836588144e-10,-4.256357675169e-04,3.773531157618e-05
6.925000000000e+00,3.672535844788e-04,5.000000000000e+03,5.012487888221e+03,-9.125158092818e-08,3.769755161864e-05,3.769755161864e-05,3.517626751675e-10,-4.562579046409e-04,3.769755161864e-05
6.950000000000e+00,3.685794096935e-04,5.000000000000e+03,5.013315970726e+03,-9.730255098524e-08,3.765827212390e-05,3.765827212390e-05,3.516336689920e-10,-4.865127549262e-04,3.765827212390e-05
6.975000000000e+00,3.699052349082e-04,5.000000000000e+03,5.014131495911e+03,-1.032617621109e-07,3.761794032810e-05,3.761794032810e-05,3.514967619440e-10,-5.163088105543e-04,3.761794032810e-05
7.000000000000e+00,3.712310601229e-04,5.000000000000e+03,5.014930902523e+03,-1.091031914935e-07,3.757701974566e-05,3.757701974566e-05,3.513521101817e-10,-5.455159574677e-04,3.757701974566e-05
7.025000000000e+00,3.725568853377e-04,5.000000000000e+03,5.015709668336e+03,-1.147937942851e-07,3.753596266934e-05,3.753596266934e-05,3.511999136748e-10,-5.739689714256e-04,3.753596266934e-05
7.050000000000e+00,3.738827105524e-04,5.000000000000e+03,5.016462425205e+03,-1.202943443509e-07,3.749520308308e-05,3.749520308308e-05,3.510404243999e-10,-6.014717217547e-04,3.749520308308e-05
7.075000000000e+00,3.752085357671e-04,5.000000000000e+03,5.017183090827e+03,-1.255603970375e-07,3.745515012226e-05,3.745515012226e-05,3.508739532595e-10,-6.278019851874e-04,3.745515012226e-05
7.100000000000e+00,3.765343609818e-04,5.000000000000e+03,5.017865014314e+03,-1.305433529390e-07,3.741618220027e-05,3.741618220027e-05,3.507008755905e-10,-6.527167646948e-04,3.741618220027e-05
7.125000000000e+00,3.778601861966e-04,5.000000000000e+03,5.018501132561e+03,-1.351916004772e-07,3.737864190185e-05,3.737864190185e-05,3.505216351578e-10,-6.759580023860e-04,3.737864190185e-05
7.150000000000e+00,3.791860114113e-04,5.000000000000e+03,5.019084134241e+03,-1.394517142796e-07,3.734283172389e-05,3.734283172389e-05,3.503367465588e-10,-6.972585713981e-04,3.734283172389e-05
7.175000000000e+00,3.805118366260e-04,5.000000000000e+03,5.019606628227e+03,-1.432696858523e-07,3.730901072279e-05,3.730901072279e-05,3.501467959968e-10,-7.163484292613e-04,3.730901072279e-05
7.200000000000e+00,3.818376618407e-04,5.000000000000e+03,5.020061313194e+03,-1.465921629052e-07,3.727739210603e-05,3.727739210603e-05,3.499524404109e-10,-7.329608145262e-04,3.727739210603e-05
7.225000000000e+00,3.831634870555e-04,5.000000000000e+03,5.020441145200e+03,-1.493676738993e-07,3.724814178317e-05,3.724814178317e-05,3.497544049826e-10,-7.468383694965e-04,3.724814178317e-05
7.250000000000e+00,3.844893122702e-04,5.000000000000e+03,5.020739500115e+03,-1.515478149461e-07,3.722137787067e-05,3.722137787067e-05,3.495534790683e-10,-7.577390747305e-04,3.722137787067e-05
7.275000000000e+00,3.858151374849e-04,5.000000000000e+03,5.020950327894e+03,-1.530883771096e-07,3.719717112423e-05,3.719717112423e-05,3.493505106379e-10,-7.654418855478e-04,3.719717112423e-05
7.300000000000e+00,3.871409626996e-04,5.000000000000e+03,5.021068295858e+03,-1.539503934159e-07,3.717554625356e-05,3.717554625356e-05,3.491463993244e-10,-7.697519670794e-04,3.717554625356e-05
7.325000000000e+00,3.884667879144e-04,5.000000000000e+03,5.021088918384e+03,-1.541010864740e-07,3.715648405774e-05,3.715648405774e-05,3.489420882184e-10,-7.705054323702e-04,3.715648405774e-05
7.350000000000e+00,3.897926131291e-04,5.000000000000e+03,5.021008670627e+03,-1.535146995217e-07,3.713992430453e-05,3.713992430453e-05,3.487385545589e-10,-7.675734976083e-04,3.713992430453e-05
7.375000000000e+00,3.911184383438e-04,5.000000000000e+03,5.020825084251e+03,-1.521731959208e-07,3.712576926450e-05,3.712576926450e-05,3.485367994988e-10,-7.608659796040e-04,3.712576926450e-05
7.400000000000e+00,3.924442635585e-04,5.000000000000e+03,5.020536823443e+03,-1.500668146033e-07,3.711388780164e-05,3.711388780164e-05,3.483378371321e-10,-7.503340730167e-04,3.711388780164e-05
7.425000000000e+00,3.937700887733e-04,5.000000000000e+03,5.020143739870e+03,-1.471944716738e-07,3.710411991460e-05,3.710411991460e-05,3.481426829901e-10,-7.359723583690e-04,3.710411991460e-05
7.450000000000e+00,3.950959139880e-04,5.000000000000e+03,5.019646905645e+03,-1.435640012729e-07,3.709628161888e-05,3.709628161888e-05,3.479523422172e-10,-7.178200063645e-04,3.709628161888e-05
7.475000000000e+00,3.964217392027e-04,5.000000000000e+03,5.019048623758e+03,-1.391922318411e-07,3.709017005808e-05,3.709017005808e-05,3.477677976466e-10,-6.959611592056e-04,3.709017005808e-05
7.500000000000e+00,3.977475644174e-04,5.000000000000e+03,5.018352415894e+03,-1.341048970436e-07,3.708556873358e-05,3.708556873358e-05,3.475899979927e-10,-6.705244852180e-04,3.708556873358e-05
7.525000000000e+00,3.990733896322e-04,5.000000000000e+03,5.017562987938e+03,-1.283363837660e-07,3.708225274459e-05,3.708225274459e-05,3.474198463791e-10,-6.416819188299e-04,3.708225274459e-05
7.550000000000e+00,4.003992148469e-04,5.000000000000e+03,5.016686173952e+03,-1.219293227055e-07,3.707999393591e-05,3.707999393591e-05,3.472581894086e-10,-6.096466135275e-04,3.707999393591e-05
7.575000000000e+00,4.017250400616e-04,5.000000000000e+03,5.015728859775e+03,-1.149340300966e-07,3.707856585737e-05,3.707856585737e-05,3.471058069735e-10,-5.746701504832e-04,3.707856585737e-05
7.600000000000e+00,4.030508652763e-04,5.000000000000e+03,5.014698887803e+03,-1.074078119647e-07,3.707774844767e-05,3.707774844767e-05,3.469634029881e-10,-5.370390598237e-04,3.707774844767e-05
7.625000000000e+00,4.043766904911e-04,5.000000000000e+03,5.013604944888e+03,-9.941414492998e-08,3.707733236451e-05,3.707733236451e-05,3.468315972081e-10,-4.970707246499e-04,3.707733236451e-05
7.650000000000e+00,4.057025157058e-04,5.000000000000e+03,5.012456435574e+03,-9.102174993113e-08,3.707712289383e-05,3.707712289383e-05,3.467109182769e-10,-4.551087496557e-04,3.707712289383e-05
7.675000000000e+00,4.070283409205e-04,5.000000000000e+03,5.011263343193e+03,-8.230357724913e-08,3.707694338210e-05,3.707694338210e-05,3.466017981190e-10,-4.115178862456e-04,3.707694338210e-05
7.700000000000e+00,4.083541661352e-04,5.000000000000e+03,5.010036081568e+03,-7.333572283881e-08,3.707663814715e-05,3.707663814715e-05,3.465045677685e-10,-3.666786141941e-04,3.707663814715e-05
7.725000000000e+00,4.096799913500e-04,5.000000000000e+03,5.008785340213e+03,-6.419629718483e-08,3.707607483480e-05,3.707607483480e-05,3.464194546990e-10,-3.209814859241e-04,3.707607483480e-05
7.750000000000e+00,4.110058165647e-04,5.000000000000e+03,5.007521926044e+03,-5.496426865685e-08,3.707514620044e-05,3.707514620044e-05,3.463465816857e-10,-2.748213432842e-04,3.707514620044e-05
7.775000000000e+00,4.123316417794e-04,5.000000000000e+03,5.006256604648e+03,-4.571830363116e-08,3.707377130573e-05,3.707377130573e-05,3.462859672060e-10,-2.285915181558e-04,3.707377130573e-05
7.800000000000e+00,4.136574669941e-04,5.000000000000e+03,5.004999944135e+03,-3.653562546518e-08,3.707189613194e-05,3.707189613194e-05,3.462375273525e-10,-1.826781273259e-04,3.707189613194e-05
7.825000000000e+00,4.149832922089e-04,5.000000000000e+03,5.003762164498e+03,-2.749091376250e-08,3.706949362136e-05,3.706949362136e-05,3.462010792058e-10,-1.374545688125e-04,3.706949362136e-05
7.850000000000e+00,4.163091174236e-04,5.000000000000e+03,5.002552995275e+03,-1.865526426679e-08,3.706656316828e-05,3.706656316828e-05,3.461763455861e-10,-9.327632133393e-05,3.706656316828e-05
7.875000000000e+00,4.176349426383e-04,5.000000000000e+03,5.001381544079e+03,-1.009522820001e-08,3.706312958939e-05,3.706312958939e-05,3.461629610780e-10,-5.047614100007e-05,3.706312958939e-05
7.900000000000e+00,4.189607678530e-04,5.000000000000e+03,5.000256178321e+03,-1.871947953849e-09,3.705924161169e-05,3.705924161169e-05,3.461604792022e-10,-9.359739769243e-06,3.705924161169e-05
7.925000000000e+00,4.202865930678e-04,5.000000000000e+03,4.999184422117e+03,5.959596200510e-09,3.705496992269e-05,3.705496992269e-05,3.461683805851e-10,2.979798100255e-05,3.705496992269e-05
7.950000000000e+00,4.216124182825e-04,5.000000000000e+03,4.998172870055e+03,1.335121624271e-08,3.705040483375e-05,3.705040483375e-05,3.461860819643e-10,6.675608121354e-05,3.705040483375e-05
7.975000000000e+00,4.229382434972e-04,5.000000000000e+03,4.997227119103e+03,2.026201397475e-08,3.704565361230e-05,3.704565361230e-05,3.462129458533e-10,1.013100698738e-04,3.704565361230e-05
8.000000000000e+00,4.242640687119e-04,5.000000000000e+03,4.996351719544e+03,2.665873952828e-08,3.704083754255e-05,3.704083754255e-05,3.462482906823e-10,1.332936976414e-04,3.704083754255e-05
8.025000000000e+00,4.255898939267e-04,5.000000000000e+03,4.995550145432e+03,3.251600727763e-08,3.703608877702e-05,3.703608877702e-05,3.462914012247e-10,1.625800363882e-04,3.703608877702e-05
8.050000000000e+00,4.269157191414e-04,5.000000000000e+03,4.994824784630e+03,3.781636861549e-08,3.703154704330e-05,3.703154704330e-05,3.463415391197e-10,1.890818430775e-04,3.703154704330e-05
8.075000000000e+00,4.282415443561e-04,5.000000000000e+03,4.994176948113e+03,4.255024397713e-08,3.702735627082e-05,3.702735627082e-05,3.463979533061e-10,2.127512198856e-04,3.702735627082e-05
8.100000000000e+00,4.295673695708e-04,5.000000000000e+03,4.993606897822e+03,4.671571930420e-08,3.702366120246e-05,3.702366120246e-05,3.464598901847e-10,2.335785965210e-04,3.702366120246e-05
8.125000000000e+00,4.308931947856e-04,5.000000000000e+03,4.993113892001e+03,5.031821475947e-08,3.702060405432e-05,3.702060405432e-05,3.465266033425e-10,2.515910737973e-04,3.702060405432e-05
8.150000000000e+00,4.322190200003e-04,5.000000000000e+03,4.992696246622e+03,5.337003588322e-08,3.701832128504e-05,3.701832128504e-05,3.465973626818e-10,2.668501794161e-04,3.701832128504e-05
8.175000000000e+00,4.335448452150e-04,5.000000000000e+03,4.992351411218e+03,5.588981947466e-08,3.701694053254e-05,3.701694053254e-05,3.466714628137e-10,2.794490973733e-04,3.701694053254e-05
8.200000000000e+00,4.348706704297e-04,5.000000000000e+03,4.992076057195e+03,5.790188824739e-08,3.701657777239e-05,3.701657777239e-05,3.467482305971e-10,2.895094412370e-04,3.701657777239e-05
8.225000000000e+00,4.361964956445e-04,5.000000000000e+03,4.991866176521e+03,5.943552971789e-08,3.701733474682e-05,3.701733474682e-05,3.468270317211e-10,2.971776485895e-04,3.701733474682e-05
8.250000000000e+00,4.375223208592e-04,5.000000000000e+03,4.991717188523e+03,6.052421582065e-08,3.701929670819e-05,3.701929670819e-05,3.469072762525e-10,3.026210791032e-04,3.701929670819e-05
8.275000000000e+00,4.388481460739e-04,5.000000000000e+03,4.991624052446e+03,6.120478039251e-08,3.702253051397e-05,3.702253051397e-05,3.469884230936e-10,3.060239019625e-04,3.702253051397e-05
8.300000000000e+00,4.401739712886e-04,5.000000000000e+03,4.991581383400e+03,6.151657193263e-08,3.702708310391e-05,3.702708310391e-05,3.470699833158e-10,3.075828596631e-04,3.702708310391e-05
8.325000000000e+00,4.414997965034e-04,5.000000000000e+03,4.991583569324e+03,6.150059893168e-08,3.703298038248e-05,3.703298038248e-05,3.471515223606e-10,3.075029946584e-04,3.703298038248e-05
8.350000000000e+00,4.428256217181e-04,5.000000000000e+03,4.991624886663e+03,6.119868459282e-08,3.704022652192e-05,3.704022652192e-05,3.472326611198e-10,3.059934229641e-04,3.704022652192e-05
8.375000000000e+00,4.441514469328e-04,5.000000000000e+03,4.991699612568e+03,6.065264696205e-08,3.704880369365e-05,3.704880369365e-05,3.473130759284e-10,3.032632348103e-04,3.704880369365e-05
8.400000000000e+00,4.454772721475e-04,5.000000000000e+03,4.991802131575e+03,5.990351937990e-08,3.705867222742e-05,3.705867222742e-05,3.473924975249e-10,2.995175968995e-04,3.705867222742e-05
8.425000000000e+00,4.468030973622e-04,5.000000000000e+03,4.991927034923e+03,5.899082479568e-08,3.706977118969e-05,3.706977118969e-05,3.474707090478e-10,2.949541239784e-04,3.706977118969e-05
8.450000000000e+00,4.481289225770e-04,5.000000000000e+03,4.992069210851e+03,5.795191589307e-08,3.708201936525e-05,3.708201936525e-05,3.475475431592e-10,2.897595794653e-04,3.708201936525e-05
8.475000000000e+00,4.494547477917e-04,5.000000000000e+03,4.992223924510e+03,5.682139120412e-08,3.709531661801e-05,3.709531661801e-05,3.476228783924e-10,2.841069560206e-04,3.709531661801e-05
8.500000000000e+00,4.507805730064e-04,5.000000000000e+03,4.992386886331e+03,5.563059548480e-08,3.710954560067e-05,3.710954560067e-05,3.476966348386e-10,2.781529774240e-04,3.710954560067e-05
8.525000000000e+00,4.521063982211e-04,5.000000000000e+03,4.992554308014e+03,5.440721063504e-08,3.712457377594e-05,3.712457377594e-05,3.477687692903e-10,2.720360531752e-04,3.712457377594e-05
8.550000000000e+00,4.534322234359e-04,5.000000000000e+03,4.992722945534e+03,5.317494141448e-08,3.714025570685e-05,3.714025570685e-05,3.478392699684e-10,2.658747070724e-04,3.714025570685e-05
8.575000000000e+00,4.547580486506e-04,5.000000000000e+03,4.992890128876e+03,5.195329817701e-08,3.715643556867e-05,3.715643556867e-05,3.479081509611e-10,2.597664908851e-04,3.715643556867e-05
8.600000000000e+00,4.560838738653e-04,5.000000000000e+03,4.993053778456e+03,5.075747686166e-08,3.717294983129e-05,3.717294983129e-05,3.479754465038e-10,2.537873843083e-04,3.717294983129e-05
8.625000000000e+00,4.574096990800e-04,5.000000000000e+03,4.993212408467e+03,4.959833457380e-08,3.718963005814e-05,3.718963005814e-05,3.480412052264e-10,2.479916728690e-04,3.718963005814e-05
8.650000000000e+00,4.587355242948e-04,5.000000000000e+03,4.993365117609e+03,4.848245730166e-08,3.720630576607e-05,3.720630576607e-05,3.481054844907e-10,2.424122865083e-04,3.720630576607e-05
8.675000000000e+00,4.600613495095e-04,5.000000000000e+03,4.993511567911e+03,4.741231466754e-08,3.722280729019e-05,3.722280729019e-05,3.481683449330e-10,2.370615733377e-04,3.722280729019e-05
8.700000000000e+00,4.613871747242e-04,5.000000000000e+03,4.993651952544e+03,4.638649513656e-08,3.723896859818e-05,3.723896859818e-05,3.482298453179e-10,2.319324756828e-04,3.723896859818e-05
8.725000000000e+00,4.627129999389e-04,5.000000000000e+03,4.993786953695e+03,4.540001381658e-08,3.725463000041e-05,3.725463000041e-05,3.482900378009e-10,2.270000690829e-04,3.725463000041e-05
8.750000000000e+00,4.640388251537e-04,5.000000000000e+03,4.993917691739e+03,4.444468389686e-08,3.726964070521e-05,3.726964070521e-05,3.483489636835e-10,2.222234194843e-04,3.726964070521e-05
8.775000000000e+00,4.653646503684e-04,5.000000000000e+03,4.994045667042e+03,4.350954189934e-08,3.728386117218e-05,3.728386117218e-05,3.484066497312e-10,2.175477094967e-04,3.728386117218e-05
8.800000000000e+00,4.666904755831e-04,5.000000000000e+03,4.994172695834e+03,4.258131626182e-08,3.729716522169e-05,3.729716522169e-05,3.484631051140e-10,2.129065813091e-04,3.729716522169e-05
8.825000000000e+00,4.680163007978e-04,5.000000000000e+03,4.994300841643e+03,4.164492833669e-08,3.730944186375e-05,3.730944186375e-05,3.485183190101e-10,2.082246416835e-04,3.730944186375e-05
8.850000000000e+00,4.693421260126e-04,5.000000000000e+03,4.994432343830e+03,4.068401467115e-08,3.732059681634e-05,3.732059681634e-05,3.485722589026e-10,2.034200733558e-04,3.732059681634e-05
8.875000000000e+00,4.706679512273e-04,5.000000000000e+03,4.994569544717e+03,3.968145942768e-08,3.733055368969e-05,3.733055368969e-05,3.486248695820e-10,1.984072971384e-04,3.733055368969e-05
8.900000000000e+00,4.719937764420e-04,5.000000000000e+03,4.994714816839e+03,3.861992599855e-08,3.733925482030e-05,3.733925482030e-05,3.486760728537e-10,1.930996299928e-04,3.733925482030e-05
8.925000000000e+00,4.733196016567e-04,5.000000000000e+03,4.994870491748e+03,3.748237725303e-08,3.734666174600e-05,3.734666174600e-05,3.487257679346e-10,1.874118862652e-04,3.734666174600e-05
8.950000000000e+00,4.746454268715e-04,5.000000000000e+03,4.995038791741e+03,3.625257441587e-08,3.735275532073e-05,3.735275532073e-05,3.487738325118e-10,1.812628720793e-04,3.735275532073e-05
8.975000000000e+00,4.759712520862e-04,5.000000000000e+03,4.995221765778e+03,3.491554529530e-08,3.735753547497e-05,3.735753547497e-05,3.488201244222e-10,1.745777264765e-04,3.735753547497e-05
9.000000000000e+00,4.772970773009e-04,5.000000000000e+03,4.995421230760e+03,3.345801343897e-08,3.736102063495e-05,3.736102063495e-05,3.488644839000e-10,1.672900671949e-04,3.736102063495e-05
9.025000000000e+00,4.786229025156e-04,5.000000000000e+03,4.995638719154e+03,3.186878077838e-08,3.736324682019e-05,3.736324682019e-05,3.489067363331e-10,1.593439038919e-04,3.736324682019e-05
9.050000000000e+00,4.799487277304e-04,5.000000000000e+03,4.995875433871e+03,3.013905740587e-08,3.736426644511e-05,3.736426644511e-05,3.489466954554e-10,1.506952870293e-04,3.736426644511e-05
9.075000000000e+00,4.812745529451e-04,5.000000000000e+03,4.996132211075e+03,2.826273329207e-08,3.736414685565e-05,3.736414685565e-05,3.489841668998e-10,1.413136664603e-04,3.736414685565e-05
9.100000000000e+00,4.826003781598e-04,5.000000000000e+03,4.996409491490e+03,2.623658797443e-08,3.736296863649e-05,3.736296863649e-05,3.490189520297e-10,1.311829398722e-04,3.736296863649e-05
9.125000000000e+00,4.839262033745e-04,5.000000000000e+03,4.996707300563e+03,2.406043550702e-08,3.736082372797e-05,3.736082372797e-05,3.490508519618e-10,1.203021775351e-04,3.736082372797e-05
9.150000000000e+00,4.852520285893e-04,5.000000000000e+03,4.997025237684e+03,2.173720323720e-08,3.735781339481e-05,3.735781339481e-05,3.490796716939e-10,1.086860161860e-04,3.735781339481e-05
9.175000000000e+00,4.865778538040e-04,5.000000000000e+03,4.997362474481e+03,1.927294424413e-08,3.735404609024e-05,3.735404609024e-05,3.491052242494e-10,9.636472122064e-05,3.735404609024e-05
9.200000000000e+00,4.879036790187e-04,5.000000000000e+03,4.997717762051e+03,1.667678451628e-08,3.734963526005e-05,3.734963526005e-05,3.491273347508e-10,8.338392258140e-05,3.734963526005e-05
9.225000000000e+00,4.892295042334e-04,5.000000000000e+03,4.998089446810e+03,1.396080714122e-08,3.734469713109e-05,3.734469713109e-05,3.491458443409e-10,6.980403570609e-05,3.734469713109e-05
9.250000000000e+00,4.905553294482e-04,5.000000000000e+03,4.998475494493e+03,1.113987691002e-08,3.733934852744e-05,3.733934852744e-05,3.491606138706e-10,5.569938455012e-05,3.733934852744e-05
9.275000000000e+00,4.918811546629e-04,5.000000000000e+03,4.998873521705e+03,8.231409784753e-09,3.733370475560e-05,3.733370475560e-05,3.491715272813e-10,4.115704892376e-05,3.733370475560e-05
9.300000000000e+00,4.932069798776e-04,5.000000000000e+03,4.999280834276e+03,5.255092622299e-09,3.732787759758e-05,3.732787759758e-05,3.491784946156e-10,2.627546311150e-05,3.732787759758e-05
9.325000000000e+00,4.945328050923e-04,5.000000000000e+03,4.999694471573e+03,2.232559378287e-09,3.732197344693e-05,3.732197344693e-05,3.491814545991e-10,1.116279689144e-05,3.732197344693e-05
9.350000000000e+00,4.958586303071e-04,5.000000000000e+03,5.000111255821e+03,-8.129692833933e-10,3.731609161915e-05,3.731609161915e-05,3.491803767439e-10,-4.064846416967e-06,3.731609161915e-05
9.375000000000e+00,4.971844555218e-04,5.000000000000e+03,5.000527845404e+03,-3.857075486300e-09,3.731032286301e-05,3.731032286301e-05,3.491752629360e-10,-1.928537743150e-05,3.731032286301e-05
9.400000000000e+00,4.985102807365e-04,5.000000000000e+03,5.000940791069e+03,-6.874554836775e-09,3.730474809483e-05,3.730474809483e-05,3.491661484778e-10,-3.437277418388e-05,3.730474809483e-05
9.425000000000e+00,4.998361059512e-04,5.000000000000e+03,5.001346593918e+03,-9.839840149649e-09,3.729943737217e-05,3.729943737217e-05,3.491531025697e-10,-4.919920074824e-05,3.729943737217e-05
9.450000000000e+00,5.011619311660e-04,5.000000000000e+03,5.001741764040e+03,-1.272742992718e-08,3.729444911853e-05,3.729444911853e-05,3.491362282221e-10,-6.363714963592e-05,3.729444911853e-05
9.475000000000e+00,5.024877563807e-04,5.000000000000e+03,5.002122878676e+03,-1.551231336260e-08,3.728982960495e-05,3.728982960495e-05,3.491156616059e-10,-7.756156681299e-05,3.728982960495e-05
9.500000000000e+00,5.038135815954e-04,5.000000000000e+03,5.002486638807e+03,-1.817038384181e-08,3.728561268937e-05,3.728561268937e-05,3.490915708529e-10,-9.085191920907e-05,3.728561268937e-05
9.525000000000e+00,5.051394068101e-04,5.000000000000e+03,5.002829923118e+03,-2.067883326766e-08,3.728181980956e-05,3.728181980956e-05,3.490641543343e-10,-1.033941663383e-04,3.728181980956e-05
9.550000000000e+00,5.064652320249e-04,5.000000000000e+03,5.003149838352e+03,-2.301652002211e-08,3.727846022054e-05,3.727846022054e-05,3.490336384517e-10,-1.150826001105e-04,3.727846022054e-05
9.575000000000e+00,5.077910572396e-04,5.000000000000e+03,5.003443765164e+03,-2.516430400275e-08,3.727553146307e-05,3.727553146307e-05,3.490002749830e-10,-1.258215200137e-04,3.727553146307e-05
9.600000000000e+00,5.091168824543e-04,5.000000000000e+03,5.003709398665e+03,-2.710534290732e-08,3.727302004578e-05,3.727302004578e-05,3.489643380359e-10,-1.355267145366e-04,3.727302004578e-05
9.625000000000e+00,5.104427076690e-04,5.000000000000e+03,5.003944782982e+03,-2.882534477820e-08,3.727090232003e-05,3.727090232003e-05,3.489261206670e-10,-1.441267238910e-04,3.727090232003e-05
9.650000000000e+00,5.117685328838e-04,5.000000000000e+03,5.004148339282e+03,-3.031277274096e-08,3.726914552364e-05,3.726914552364e-05,3.488859312285e-10,-1.515638637048e-04,3.726914552364e-05
9.675000000000e+00,5.130943580985e-04,5.000000000000e+03,5.004318886819e+03,-3.155899885760e-08,3.726770896720e-05,3.726770896720e-05,3.488440895121e-10,-1.577949942880e-04,3.726770896720e-05
9.700000000000e+00,5.144201833132e-04,5.000000000000e+03,5.004455656754e+03,-3.255840504621e-08,3.726654533495e-05,3.726654533495e-05,3.488009227577e-10,-1.627920252310e-04,3.726654533495e-05
9.725000000000e+00,5.157460085279e-04,5.000000000000e+03,5.004558298578e+03,-3.330843007297e-08,3.726560207088e-05,3.726560207088e-05,3.487567616013e-10,-1.665421503648e-04,3.726560207088e-05
9.750000000000e+00,5.170718337427e-04,5.000000000000e+03,5.004626879176e+03,-3.380956267903e-08,3.726482282035e-05,3.726482282035e-05,3.487119360306e-10,-1.690478133952e-04,3.726482282035e-05
9.775000000000e+00,5.183976589574e-04,5.000000000000e+03,5.004661874663e+03,-3.406528194176e-08,3.726414889711e-05,3.726414889711e-05,3.486667714208e-10,-1.703264097088e-04,3.726414889711e-05
9.800000000000e+00,5.197234841721e-04,5.000000000000e+03,5.004664155292e+03,-3.408194696714e-08,3.726352074661e-05,3.726352074661e-05,3.486215847162e-10,-1.704097348357e-04,3.726352074661e-05
9.825000000000e+00,5.210493093868e-04,5.000000000000e+03,5.004634963834e+03,-3.386863894806e-08,3.726287937705e-05,3.726287937705e-05,3.485766808207e-10,-1.693431947403e-04,3.726287937705e-05
9.850000000000e+00,5.223751346016e-04,5.000000000000e+03,5.004575887982e+03,-3.343695948292e-08,3.726216773156e-05,3.726216773156e-05,3.485323492567e-10,-1.671847974146e-04,3.726216773156e-05
9.875000000000e+00,5.237009598163e-04,5.000000000000e+03,5.004488827400e+03,-3.280078981563e-08,3.726133197667e-05,3.726133197667e-05,3.484888611425e-10,-1.640039490781e-04,3.726133197667e-05
9.900000000000e+00,5.250267850310e-04,5.000000000000e+03,5.004375956158e+03,-3.197601631594e-08,3.726032268457e-05,3.726032268457e-05,3.484464665338e-10,-1.598800815797e-04,3.726032268457e-05
9.925000000000e+00,5.263526102457e-04,5.000000000000e+03,5.004239681342e+03,-3.098022805797e-08,3.725909588942e-05,3.725909588942e-05,3.484053921663e-10,-1.549011402899e-04,3.725909588942e-05
9.950000000000e+00,5.276784354605e-04,5.000000000000e+03,5.004082598706e+03,-2.983239276505e-08,3.725761400100e-05,3.725761400100e-05,3.483658396277e-10,-1.491619638252e-04,3.725761400100e-05
9.975000000000e+00,5.290042606752e-04,5.000000000000e+03,5.003907446265e+03,-2.855251766521e-08,3.725584656196e-05,3.725584656196e-05,3.483279839799e-10,-1.427625883260e-04,3.725584656196e-05
1.000000000000e+01,5.303300858899e-04,5.000000000000e+03,5.003717056725e+03,-2.716130194080e-08,3.725377083841e-05,3.725377083841e-05,3.482919728409e-10,-1.358065097040e-04,3.725377083841e-05
1.002500000000e+01,5.316559111046e-04,5.000000000000e+03,5.003514309693e+03,-2.567978745761e-08,3.725137223699e-05,3.725137223699e-05,3.482579259312e-10,-1.283989372881e-04,3.725137223699e-05
1.005000000000e+01,5.329817363194e-04,5.000000000000e+03,5.003302084531e+03,-2.412901432716e-08,3.724864454492e-05,3.724864454492e-05,3.482259350756e-10,-1.206450716358e-04,3.724864454492e-05
1.007500000000e+01,5.343075615341e-04,5.000000000000e+03,5.003083214751e+03,-2.252968759575e-08,3.724558999293e-05,3.724558999293e-05,3.481960646477e-10,-1.126484379788e-04,3.724558999293e-05
1.010000000000e+01,5.356333867488e-04,5.000000000000e+03,5.002860444727e+03,-2.090186097436e-08,3.724221914448e-05,3.724221914448e-05,3.481683524334e-10,-1.045093048718e-04,3.724221914448e-05
1.012500000000e+01,5.369592119635e-04,5.000000000000e+03,5.002636389490e+03,-1.926464303525e-08,3.723855061751e-05,3.723855061751e-05,3.481428108839e-10,-9.632321517627e-05,3.723855061751e-05
1.015000000000e+01,5.382850371783e-04,5.000000000000e+03,5.002413498257e+03,-1.763593071720e-08,3.723461064821e-05,3.723461064821e-05,3.481194287222e-10,-8.817965358601e-05,3.723461064821e-05
1.017500000000e+01,5.396108623930e-04,5.000000000000e+03,5.002194022271e+03,-1.603217431573e-08,3.723043250894e-05,3.723043250894e-05,3.480981728613e-10,-8.016087157864e-05,3.723043250894e-05
1.020000000000e+01,5.409366876077e-04,5.000000000000e+03,5.001979987419e+03,-1.446817740486e-08,3.722605579486e-05,3.722605579486e-05,3.480789905869e-10,-7.234088702431e-05,3.722605579486e-05
1.022500000000e+01,5.422625128224e-04,5.000000000000e+03,5.001773171997e+03,-1.295693435783e-08,3.722152559591e-05,3.722152559591e-05,3.480618119566e-10,-6.478467178917e-05,3.722152559591e-05
1.025000000000e+01,5.435883380372e-04,5.000000000000e+03,5.001575089873e+03,-1.150950732474e-08,3.721689157271e-05,3.721689157271e-05,3.480465523616e-10,-5.754753662368e-05,3.721689157271e-05
1.027500000000e+01,5.449141632519e-04,5.000000000000e+03,5.001386979193e+03,-1.013494370226e-08,3.721220695615e-05,3.721220695615e-05,3.480331151977e-10,-5.067471851132e-05,3.721220695615e-05
1.030000000000e+01,5.462399884666e-04,5.000000000000e+03,5.001209796661e+03,-8.840234311662e-09,3.720752749164e-05,3.720752749164e-05,3.480213945921e-10,-4.420117155831e-05,3.720752749164e-05
1.032500000000e+01,5.475658136813e-04,5.000000000000e+03,5.001044217302e+03,-7.630311702438e-09,3.720291034938e-05,3.720291034938e-05,3.480112781325e-10,-3.815155851219e-05,3.720291034938e-05
1.035000000000e+01,5.488916388961e-04,5.000000000000e+03,5.000890639539e+03,-6.508087237133e-09,3.719841302240e-05,3.719841302240e-05,3.480026495463e-10,-3.254043618567e-05,3.719841302240e-05
1.037500000000e+01,5.502174641108e-04,5.000000000000e+03,5.000749195294e+03,-5.474524900384e-09,3.719409223378e-05,3.719409223378e-05,3.479953912831e-10,-2.737262450192e-05,3.719409223378e-05
1.040000000000e+01,5.515432893255e-04,5.000000000000e+03,5.000619764746e+03,-4.528749126730e-09,3.719000287383e-05,3.719000287383e-05,3.479893869534e-10,-2.264374563365e-05,3.719000287383e-05
1.042500000000e+01,5.528691145402e-04,5.000000000000e+03,5.000501995291e+03,-3.668183367006e-09,3.718619698725e-05,3.718619698725e-05,3.479845235834e-10,-1.834091683503e-05,3.718619698725e-05
1.045000000000e+01,5.541949397550e-04,5.000000000000e+03,5.000395324195e+03,-2.888715621521e-09,3.718272282847e-05,3.718272282847e-05,3.479806936514e-10,-1.444357810760e-05,3.718272282847e-05
1.047500000000e+01,5.555207649697e-04,5.000000000000e+03,5.000299004373e+03,-2.184886767050e-09,3.717962400231e-05,3.717962400231e-05,3.479777968734e-10,-1.092443383525e-05,3.717962400231e-05
1.050000000000e+01,5.568465901844e-04,5.000000000000e+03,5.000212132660e+03,-1.550097198131e-09,3.717693870464e-05,3.717693870464e-05,3.479757417154e-10,-7.750485990653e-06,3.717693870464e-05
1.052500000000e+01,5.581724153991e-04,5.000000000000e+03,5.000133679959e+03,-9.768270947864e-10,3.717469907568e-05,3.717469907568e-05,3.479744466134e-10,-4.884135473932e-06,3.717469907568e-05
1.055000000000e+01,5.594982406139e-04,5.000000000000e+03,5.000062522594e+03,-4.568655186754e-10,3.717293067636e-05,3.717293067636e-05,3.479738408896e-10,-2.284327593377e-06,3.717293067636e-05
1.057500000000e+01,5.608240658286e-04,5.000000000000e+03,4.999997474210e+03,1.845647328065e-11,3.717165209527e-05,3.717165209527e-05,3.479738653597e-10,9.228236640324e-08,3.717165209527e-05
1.060000000000e+01,5.621498910433e-04,5.000000000000e+03,4.999937317577e+03,4.580334275552e-10,3.717087469132e-05,3.717087469132e-05,3.479744726319e-10,2.290167137776e-06,3.717087469132e-05
1.062500000000e+01,5.634757162580e-04,5.000000000000e+03,4.999880835674e+03,8.707583647254e-10,3.717060247433e-05,3.717060247433e-05,3.479756271053e-10,4.353791823627e-06,3.717060247433e-05
1.065000000000e+01,5.648015414728e-04,5.000000000000e+03,4.999826841463e+03,1.265305229252e-09,3.717083212330e-05,3.717083212330e-05,3.479773046789e-10,6.326526146259e-06,3.717083212330e-05
1.067500000000e+01,5.661273666875e-04,5.000000000000e+03,4.999774205800e+03,1.649924897929e-09,3.717155313919e-05,3.717155313919e-05,3.479794921909e-10,8.249624489645e-06,3.717155313919e-05
1.070000000000e+01,5.674531919022e-04,5.000000000000e+03,4.999721883012e+03,2.032258333373e-09,3.717274812676e-05,3.717274812676e-05,3.479821866103e-10,1.016129166686e-05,3.717274812676e-05
1.072500000000e+01,5.687790171169e-04,5.000000000000e+03,4.999668933684e+03,2.419170019731e-09,3.717439319730e-05,3.717439319730e-05,3.479853940069e-10,1.209585009866e-05,3.717439319730e-05
1.075000000000e+01,5.701048423317e-04,5.000000000000e+03,4.999614544323e+03,2.816604323192e-09,3.717645848242e-05,3.717645848242e-05,3.479891283319e-10,1.408302161596e-05,3.717645848242e-05
1.077500000000e+01,5.714306675464e-04,5.000000000000e+03,4.999558043586e+03,3.229466890810e-09,3.717890874654e-05,3.717890874654e-05,3.479934100406e-10,1.614733445405e-05,3.717890874654e-05
1.080000000000e+01,5.727564927611e-04,5.000000000000e+03,4.999498914869e+03,3.661532648893e-09,3.718170408450e-05,3.718170408450e-05,3.479982645929e-10,1.830766324447e-05,3.718170408450e-05
1.082500000000e+01,5.740823179758e-04,5.000000000000e+03,4.999436805123e+03,4.115381397806e-09,3.718480068919e-05,3.718480068919e-05,3.480037208693e-10,2.057690698903e-05,3.718480068919e-05
1.085000000000e+01,5.754081431906e-04,5.000000000000e+03,4.999371529834e+03,4.592361434612e-09,3.718815167303e-05,3.718815167303e-05,3.480098095379e-10,2.296180717306e-05,3.718815167303e-05
1.087500000000e+01,5.767339684053e-04,5.000000000000e+03,4.999303074176e+03,5.092581079086e-09,3.719170792659e-05,3.719170792659e-05,3.480165614103e-10,2.546290539543e-05,3.719170792659e-05
1.090000000000e+01,5.780597936200e-04,5.000000000000e+03,4.999231590450e+03,5.614927442258e-09,3.719541899707e-05,3.719541899707e-05,3.480240058227e-10,2.807463721129e-05,3.719541899707e-05
1.092500000000e+01,5.793856188347e-04,5.000000000000e+03,4.999157391943e+03,6.157111269230e-09,3.719923396974e-05,3.719923396974e-05,3.480321690760e-10,3.078555634615e-05,3.719923396974e-05
1.095000000000e+01,5.807114440495e-04,5.000000000000e+03,4.999080943450e+03,6.715736217890e-09,3.720310233524e-05,3.720310233524e-05,3.480410729685e-10,3.357868108945e-05,3.720310233524e-05
1.097500000000e+01,5.820372692642e-04,5.000000000000e+03,4.999002848726e+03,7.286390509941e-09,3.720697482704e-05,3.720697482704e-05,3.480507334487e-10,3.643195254970e-05,3.720697482704e-05
1.100000000000e+01,5.833630944789e-04,5.000000000000e+03,4.998923835222e+03,7.863758516759e-09,3.721080421347e-05,3.721080421347e-05,3.480611594180e-10,3.931879258379e-05,3.721080421347e-05
1.102500000000e+01,5.846889196936e-04,5.000000000000e+03,4.998844736460e+03,8.441749525398e-09,3.721454603094e-05,3.721454603094e-05,3.480723517024e-10,4.220874762699e-05,3.721454603094e-05
1.105000000000e+01,5.860147449084e-04,5.000000000000e+03,4.998766472471e+03,9.013640673594e-09,3.721815924557e-05,3.721815924557e-05,3.480843022145e-10,4.506820336797e-05,3.721815924557e-05
1.107500000000e+01,5.873405701231e-04,5.000000000000e+03,4.998690028736e+03,9.572230850092e-09,3.722160683278e-05,3.722160683278e-05,3.480969933195e-10,4.786115425046e-05,3.722160683278e-05
1.110000000000e+01,5.886663953378e-04,5.000000000000e+03,4.998616434078e+03,1.011000222940e-08,3.722485626610e-05,3.722485626610e-05,3.481103974154e-10,5.055001114698e-05,3.722485626610e-05
1.112500000000e+01,5.899922205525e-04,5.000000000000e+03,4.998546737977e+03,1.061928604906e-08,3.722787990825e-05,3.722787990825e-05,3.481244767326e-10,5.309643024532e-05,3.722787990825e-05
1.115000000000e+01,5.913180457673e-04,5.000000000000e+03,4.998481987764e+03,1.109242924192e-08,3.723065529993e-05,3.723065529993e-05,3.481391833550e-10,5.546214620961e-05,3.723065529993e-05
1.117500000000e+01,5.926438709820e-04,5.000000000000e+03,4.998423206156e+03,1.152195860355e-08,3.723316534370e-05,3.723316534370e-05,3.481544594582e-10,5.760979301776e-05,3.723316534370e-05
1.120000000000e+01,5.939696961967e-04,5.000000000000e+03,4.998371369563e+03,1.190073930403e-08,3.723539838252e-05,3.723539838252e-05,3.481702377585e-10,5.950369652013e-05,3.723539838252e-05
1.122500000000e+01,5.952955214114e-04,5.000000000000e+03,4.998327387581e+03,1.222212473830e-08,3.723734817443e-05,3.723734817443e-05,3.481864421596e-10,6.111062369152e-05,3.723734817443e-05
1.125000000000e+01,5.966213466261e-04,5.000000000000e+03,4.998292084049e+03,1.248009494734e-08,3.723901376720e-05,3.723901376720e-05,3.482029885842e-10,6.240047473671e-05,3.723901376720e-05
1.127500000000e+01,5.979471718409e-04,5.000000000000e+03,4.998266180008e+03,1.266938112581e-08,3.724039927806e-05,3.724039927806e-05,3.482197859691e-10,6.334690562904e-05,3.724039927806e-05
1.130000000000e+01,5.992729970556e-04,5.000000000000e+03,4.998250278866e+03,1.278557405643e-08,3.724151358583e-05,3.724151358583e-05,3.482367374056e-10,6.392787028217e-05,3.724151358583e-05
1.132500000000e+01,6.005988222703e-04,5.000000000000e+03,4.998244854001e+03,1.282521466820e-08,3.724236994400e-05,3.724236994400e-05,3.482537413986e-10,6.412607334101e-05,3.724236994400e-05
1.135000000000e+01,6.019246474850e-04,5.000000000000e+03,4.998250239010e+03,1.278586529866e-08,3.724298552460e-05,3.724298552460e-05,3.482706932212e-10,6.392932649330e-05,3.724298552460e-05
1.137500000000e+01,6.032504726998e-04,5.000000000000e+03,4.998266620735e+03,1.266616064181e-08,3.724338090382e-05,3.724338090382e-05,3.482874863364e-10,6.333080320906e-05,3.724338090382e-05
1.140000000000e+01,6.045762979145e-04,5.000000000000e+03,4.998294035160e+03,1.246583777447e-08,3.724357950110e-05,3.724357950110e-05,3.483040138584e-10,6.232918887235e-05,3.724357950110e-05
1.142500000000e+01,6.059021231292e-04,5.000000000000e+03,4.998332366182e+03,1.218574506765e-08,3.724360698398e-05,3.724360698398e-05,3.483201700265e-10,6.092872533823e-05,3.724360698398e-05
1.145000000000e+01,6.072279483439e-04,5.000000000000e+03,4.998381347261e+03,1.182783019799e-08,3.724349065130e-05,3.724349065130e-05,3.483358516620e-10,5.913915098995e-05,3.724349065130e-05
1.147500000000e+01,6.085537735587e-04,5.000000000000e+03,4.998440565831e+03,1.139510786938e-08,3.724325880726e-05,3.724325880726e-05,3.483509595833e-10,5.697553934691e-05,3.724325880726e-05
1.150000000000e+01,6.098795987734e-04,5.000000000000e+03,4.998509470360e+03,1.089160822998e-08,3.724294013884e-05,3.724294013884e-05,3.483653999521e-10,5.445804114988e-05,3.724294013884e-05
1.152500000000e+01,6.112054239881e-04,5.000000000000e+03,4.998587379872e+03,1.032230731804e-08,3.724256310852e-05,3.724256310852e-05,3.483790855275e-10,5.161153659018e-05,3.724256310852e-05
1.155000000000e+01,6.125312492028e-04,5.000000000000e+03,4.998673495696e+03,9.693041185083e-09,3.724215537354e-05,3.724215537354e-05,3.483919368059e-10,4.846520592542e-05,3.724215537354e-05
1.157500000000e+01,6.138570744176e-04,5.000000000000e+03,4.998766915191e+03,9.010405621849e-09,3.724174324205e-05,3.724174324205e-05,3.484038830288e-10,4.505202810924e-05,3.724174324205e-05
1.160000000000e+01,6.151828996323e-04,5.000000000000e+03,4.998866647141e+03,8.281643646460e-09,3.724135117580e-05,3.724135117580e-05,3.484148630408e-10,4.140821823230e-05,3.724135117580e-05
1.162500000000e+01,6.165087248470e-04,5.000000000000e+03,4.998971628507e+03,7.514523102022e-09,3.724100134725e-05,3.724100134725e-05,3.484248259850e-10,3.757261551011e-05,3.724100134725e-05
1.165000000000e+01,6.178345500617e-04,5.000000000000e+03,4.999080742192e+03,6.717206849352e-09,3.724071325827e-05,3.724071325827e-05,3.484337318272e-10,3.358603424676e-05,3.724071325827e-05
1.167500000000e+01,6.191603752765e-04,5.000000000000e+03,4.999192835465e+03,5.898118128338e-09,3.724050342574e-05,3.724050342574e-05,3.484415517010e-10,2.949059064169e-05,3.724050342574e-05
1.170000000000e+01,6.204862004912e-04,5.000000000000e+03,4.999306738693e+03,5.065803697894e-09,3.724038513819e-05,3.724038513819e-05,3.484482680712e-10,2.532901848947e-05,3.724038513819e-05
1.172500000000e+01,6.218120257059e-04,5.000000000000e+03,4.999421284014e+03,4.228797349731e-09,3.724036828607e-05,3.724036828607e-05,3.484538747174e-10,2.114398674865e-05,3.724036828607e-05
1.175000000000e+01,6.231378509206e-04,5.000000000000e+03,4.999535323627e+03,3.395486326914e-09,3.724045926657e-05,3.724045926657e-05,3.484583765388e-10,1.697743163457e-05,3.724045926657e-05
1.177500000000e+01,6.244636761354e-04,5.000000000000e+03,4.999647747333e+03,2.573983066291e-09,3.724066096270e-05,3.724066096270e-05,3.484617891904e-10,1.286991533146e-05,3.724066096270e-05
1.180000000000e+01,6.257895013501e-04,5.000000000000e+03,4.999757499057e+03,1.772004527937e-09,3.724097279478e-05,3.724097279478e-05,3.484641385587e-10,8.860022639684e-06,3.724097279478e-05
1.182500000000e+01,6.271153265648e-04,5.000000000000e+03,4.999863592038e+03,9.967611784984e-10,3.724139084111e-05,3.724139084111e-05,3.484654600898e-10,4.983805892492e-06,3.724139084111e-05
1.185000000000e+01,6.284411517795e-04,5.000000000000e+03,4.999965122451e+03,2.548574634911e-10,3.724190802349e-05,3.724190802349e-05,3.484657979863e-10,1.274287317456e-06,3.724190802349e-05
1.187500000000e+01,6.297669769943e-04,5.000000000000e+03,5.000061281236e+03,-4.477946582471e-10,3.724251435207e-05,3.724251435207e-05,3.484652042888e-10,-2.238973291236e-06,3.724251435207e-05
1.190000000000e+01,6.310928022090e-04,5.000000000000e+03,5.000151363972e+03,-1.106047831266e-09,3.724319722288e-05,3.724319722288e-05,3.484637378627e-10,-5.530239156328e-06,3.724319722288e-05
1.192500000000e+01,6.324186274237e-04,5.000000000000e+03,5.000234778644e+03,-1.715576089068e-09,3.724394176099e-05,3.724394176099e-05,3.484614633087e-10,-8.577880445339e-06,3.724394176099e-05
1.195000000000e+01,6.337444526384e-04,5.000000000000e+03,5.000311051230e+03,-2.272915642814e-09,3.724473120096e-05,3.724473120096e-05,3.484584498198e-10,-1.136457821407e-05,3.724473120096e-05
1.197500000000e+01,6.350702778532e-04,5.000000000000e+03,5.000379829042e+03,-2.775489328911e-09,3.724554729639e-05,3.724554729639e-05,3.484547700061e-10,-1.387744664455e-05,3.724554729639e-05
1.200000000000e+01,6.363961030679e-04,5.000000000000e+03,5.000440881832e+03,-3.221614691850e-09,3.724637074956e-05,3.724637074956e-05,3.484504987081e-10,-1.610807345925e-05,3.724637074956e-05
